Area;Status;Status2;Region;Ant_species;Abundance;Eye_length_(mm);Mandible_length_(mm);Scape_length_(mm);Leg_length_(mm);Weber_length_(mm)
Urban_2;3-Urbano;4-Urban;Montes_Claros;Brachymyrmex_sp.1;1;0.119;0.23;0.442;0.442;0.539
Urban_2;3-Urbano;4-Urban;Montes_Claros;Brachymyrmex_sp.1;2;0.13;0.209;0.334;0.362;0.426
Urban_2;3-Urbano;4-Urban;Montes_Claros;Brachymyrmex_sp.1;3;0.119;0.232;0.437;0.412;0.441
Urban_2;3-Urbano;4-Urban;Montes_Claros;Brachymyrmex_sp.1;4;0.121;0.229;0.449;NA;0.584
Urban_2;3-Urbano;4-Urban;Montes_Claros;Brachymyrmex_sp.1;5;0.133;NA;0.5;NA;0.544
Urban_2;3-Urbano;4-Urban;Montes_Claros;Brachymyrmex_sp.2;1;0.113;0.177;0.388;NA;0.444
Urban_2;3-Urbano;4-Urban;Montes_Claros;Brachymyrmex_sp.2;2;0.138;0.226;0.43;NA;0.561
Urban_2;3-Urbano;4-Urban;Montes_Claros;Camponotus_sp.5;1;0.385;0.685;1.609;1.728;2.52
Urban_2;3-Urbano;4-Urban;Montes_Claros;Camponotus_sp.5;2;0.464;NA;1.639;2.111;2.522
Urban_2;3-Urbano;4-Urban;Montes_Claros;Cephalotes_betoi;1;0.383;NA;NA;0.8;1.273
Urban_2;3-Urbano;4-Urban;Montes_Claros;Cephalotes_betoi;2;0.383;0.366;0.513;0.734;1.257
Urban_2;3-Urbano;4-Urban;Montes_Claros;Cephalotes_betoi;3;0.4;NA;0.583;0.812;1.327
Urban_2;3-Urbano;4-Urban;Montes_Claros;Cephalotes_betoi;4;0.389;NA;NA;0.725;1.332
Urban_2;3-Urbano;4-Urban;Montes_Claros;Cephalotes_betoi;5;0.406;NA;0.559;0.765;1.332
Urban_2;3-Urbano;4-Urban;Montes_Claros;Cephalotes_maculatus;1;0.287;NA;0.397;0.515;0.979
Urban_2;3-Urbano;4-Urban;Montes_Claros;Cephalotes_pusilhos;1;0.263;NA;0.472;0.734;1.039
Urban_2;3-Urbano;4-Urban;Montes_Claros;Crematogaster_sp.3;1;0.145;NA;0.387;0.415;0.615
Urban_2;3-Urbano;4-Urban;Montes_Claros;Crematogaster_sp.3;2;0.144;0.319;0.484;0.428;0.772
Urban_2;3-Urbano;4-Urban;Montes_Claros;Crematogaster_sp.3;3;0.138;NA;0.464;NA;0.702
Urban_2;3-Urbano;4-Urban;Montes_Claros;Crematogaster_sp.3;4;0.135;0.289;0.314;0.401;0.577
Urban_2;3-Urbano;4-Urban;Montes_Claros;Crematogaster_sp.4;1;0.152;NA;0.505;0.485;0.611
Urban_2;3-Urbano;4-Urban;Montes_Claros;Crematogaster_sp.4;2;0.154;0.309;0.534;0.575;0.68
Urban_2;3-Urbano;4-Urban;Montes_Claros;Crematogaster_sp.4;3;0.141;0.264;0.443;0.391;0.47
Urban_2;3-Urbano;4-Urban;Montes_Claros;Crematogaster_sp.4;4;0.146;NA;0.483;0.468;0.554
Urban_2;3-Urbano;4-Urban;Montes_Claros;Crematogaster_sp.4;5;0.136;NA;NA;0.513;0.657
Urban_2;3-Urbano;4-Urban;Montes_Claros;Ectatomma_tuberculatum_;1;0.615;1.859;2.421;3.256;4.274
Urban_2;3-Urbano;4-Urban;Montes_Claros;Ectatomma_tuberculatum_;2;0.603;NA;2.356;3.471;4.054
Urban_2;3-Urbano;4-Urban;Montes_Claros;Ectatomma_tuberculatum_;3;0.544;NA;2.224;2.898;3.918
Urban_2;3-Urbano;4-Urban;Montes_Claros;Pseudomyrmex_sp.2;1;0.403;NA;0.291;0.577;1.032
Urban_2;3-Urbano;4-Urban;Montes_Claros;Pseudomyrmex_sp.3;1;0.396;NA;0.28;0.563;1.117
Urban_4;3-Urbano;4-Urban;Montes_Claros;Azteca_sp.1;1;0.152;NA;NA;0.757;0.989
Urban_4;3-Urbano;4-Urban;Montes_Claros;Azteca_sp.1;2;0.139;0.299;0.559;0.743;0.945
Urban_4;3-Urbano;4-Urban;Montes_Claros;Azteca_sp.1;3;0.138;NA;NA;0.685;0.809
Urban_4;3-Urbano;4-Urban;Montes_Claros;Azteca_sp.1;4;0.142;0.383;0.586;0.76;0.883
Urban_4;3-Urbano;4-Urban;Montes_Claros;Azteca_sp.1;5;0.144;NA;0.563;0.647;0.875
Urban_4;3-Urbano;4-Urban;Montes_Claros;Azteca_sp.2;1;0.2;0.537;0.706;0.936;1.38
Urban_4;3-Urbano;4-Urban;Montes_Claros;Azteca_sp.3;1;0.148;NA;0.582;0.727;0.833
Urban_4;3-Urbano;4-Urban;Montes_Claros;Azteca_sp.3;2;0.13;0.322;0.528;0.591;0.75
Urban_4;3-Urbano;4-Urban;Montes_Claros;Azteca_sp.3;3;NA;0.378;0.601;0.687;0.925
Urban_4;3-Urbano;4-Urban;Montes_Claros;Azteca_sp.3;4;0.146;NA;0.558;0.714;0.816
Urban_4;3-Urbano;4-Urban;Montes_Claros;Azteca_sp.3;5;0.168;NA;0.633;0.757;1.072
Urban_4;3-Urbano;4-Urban;Montes_Claros;Brachymyrmex_sp.2;1;NA;NA;NA;0.692;0.867
Urban_4;3-Urbano;4-Urban;Montes_Claros;Brachymyrmex_sp.2;2;NA;NA;NA;NA;0.695
Urban_4;3-Urbano;4-Urban;Montes_Claros;Camponotus_sp.1;1;0.54;0.9;2.07;2.329;3.203
Urban_4;3-Urbano;4-Urban;Montes_Claros;Camponotus_sp.3;1;0.428;0.622;1.289;1.575;2.039
Urban_4;3-Urbano;4-Urban;Montes_Claros;Camponotus_sp.3;2;0.415;0.594;1.363;1.695;1.946
Urban_4;3-Urbano;4-Urban;Montes_Claros;Camponotus_sp.3;3;0.424;NA;1.565;1.825;2.152
Urban_4;3-Urbano;4-Urban;Montes_Claros;Camponotus_sp.3;4;0.396;0.644;1.437;1.685;2.127
Urban_4;3-Urbano;4-Urban;Montes_Claros;Camponotus_sp.5;1;0.405;NA;1.345;1.555;2.017
Urban_4;3-Urbano;4-Urban;Montes_Claros;Camponotus_sp.5;2;0.436;0.725;1.577;2.025;2.447
Urban_4;3-Urbano;4-Urban;Montes_Claros;Camponotus_sp.5;3;0.453;NA;1.576;1.895;2.322
Urban_4;3-Urbano;4-Urban;Montes_Claros;Camponotus_sp.6;1;0.501;NA;2.037;2.427;2.966
Urban_4;3-Urbano;4-Urban;Montes_Claros;Camponotus_sp.6;2;0.489;0.922;1.998;2.263;3.135
Urban_4;3-Urbano;4-Urban;Montes_Claros;Cephalotes_pusilhos;1;0.316;NA;NA;0.885;1.326
Urban_4;3-Urbano;4-Urban;Montes_Claros;Cephalotes_pusilhos;2;0.285;NA;0.453;0.799;1.11
Urban_4;3-Urbano;4-Urban;Montes_Claros;Cephalotes_pusilhos;3;0.253;NA;NA;0.678;1.042
Urban_4;3-Urbano;4-Urban;Montes_Claros;Crematogaster_sp.1;1;0.119;0.287;0.383;0.483;0.646
Urban_4;3-Urbano;4-Urban;Montes_Claros;Crematogaster_sp.1;2;0.124;NA;0.404;0.456;0.607
Urban_4;3-Urbano;4-Urban;Montes_Claros;Crematogaster_sp.1;3;0.132;0.299;0.39;0.488;0.631
Urban_4;3-Urbano;4-Urban;Montes_Claros;Crematogaster_sp.1;4;0.146;0.319;0.453;0.546;0.682
Urban_4;3-Urbano;4-Urban;Montes_Claros;Crematogaster_sp.1;5;0.139;0.309;NA;0.547;0.747
Urban_4;3-Urbano;4-Urban;Montes_Claros;Crematogaster_sp.2;1;0.147;NA;NA;0.465;0.712
Urban_4;3-Urbano;4-Urban;Montes_Claros;Crematogaster_sp.2;2;0.14;0.316;0.431;0.483;0.744
Urban_4;3-Urbano;4-Urban;Montes_Claros;Crematogaster_sp.2;3;0.136;NA;0.435;NA;0.69
Urban_4;3-Urbano;4-Urban;Montes_Claros;Crematogaster_sp.2;4;0.127;0.315;0.437;0.48;0.679
Urban_4;3-Urbano;4-Urban;Montes_Claros;Crematogaster_sp.2;5;0.17;0.396;0.493;0.568;0.809
Urban_4;3-Urbano;4-Urban;Montes_Claros;Crematogaster_sp.3;1;0.127;0.334;0.438;0.494;0.629
Urban_4;3-Urbano;4-Urban;Montes_Claros;Crematogaster_sp.3;2;0.129;NA;0.433;NA;0.693
Urban_4;3-Urbano;4-Urban;Montes_Claros;Crematogaster_sp.3;3;0.158;NA;0.521;0.526;0.872
Urban_4;3-Urbano;4-Urban;Montes_Claros;Crematogaster_sp.3;4;0.14;NA;0.438;0.486;0.635
Urban_4;3-Urbano;4-Urban;Montes_Claros;Crematogaster_sp.3;5;0.14;NA;0.446;0.456;0.716
Urban_4;3-Urbano;4-Urban;Montes_Claros;Crematogaster_sp.4;1;NA;NA;NA;0.475;0.63
Urban_4;3-Urbano;4-Urban;Montes_Claros;Ectatomma_tuberculatum_;1;0.569;1.81;2.093;2.793;3.459
Urban_4;3-Urbano;4-Urban;Montes_Claros;Myrmelachista_sp.1;1;0.109;0.21;0.209;0.292;0.526
Urban_4;3-Urbano;4-Urban;Montes_Claros;Myrmelachista_sp.1;2;0.101;NA;0.222;0.283;0.515
Urban_4;3-Urbano;4-Urban;Montes_Claros;Myrmelachista_sp.1;3;0.116;0.225;0.232;0.305;0.622
Urban_4;3-Urbano;4-Urban;Montes_Claros;Myrmelachista_sp.1;4;0.115;0.206;0.253;0.281;0.609
Urban_4;3-Urbano;4-Urban;Montes_Claros;Myrmelachista_sp.1;5;0.107;0.226;0.243;0.305;0.597
Urban_4;3-Urbano;4-Urban;Montes_Claros;Pseudomyrmex_sp.2;1;0.456;NA;0.293;0.545;1.138
Urban_4;3-Urbano;4-Urban;Montes_Claros;Pseudomyrmex_sp.2;2;0.473;NA;0.355;0.626;1.443
Urban_4;3-Urbano;4-Urban;Montes_Claros;Pseudomyrmex_sp.2;3;0.503;0.377;0.344;0.638;1.466
Urban_4;3-Urbano;4-Urban;Montes_Claros;Pseudomyrmex_sp.2;4;0.477;NA;0.287;0.537;1.132
Urban_4;3-Urbano;4-Urban;Montes_Claros;Pseudomyrmex_sp.2;5;0.424;0.345;0.338;0.465;1.174
Urban_4;3-Urbano;4-Urban;Montes_Claros;Pseudomyrmex_sp.3;1;0.4;NA;0.242;0.478;0.967
Urban_4;3-Urbano;4-Urban;Montes_Claros;Pseudomyrmex_sp.3;2;0.402;NA;0.207;0.488;0.992
Urban_4;3-Urbano;4-Urban;Montes_Claros;Pseudomyrmex_sp.3;3;0.446;0.328;0.249;0.488;1.016
Urban_4;3-Urbano;4-Urban;Montes_Claros;Pseudomyrmex_sp.3;4;0.468;NA;0.305;0.605;1.244
Urban_4;3-Urbano;4-Urban;Montes_Claros;Pseudomyrmex_sp.3;5;0.442;0.316;0.248;0.479;1.054
Urban_4;3-Urbano;4-Urban;Montes_Claros;Pseudomyrmex_tenuis;1;0.805;0.69;0.656;1.191;1.998
Urban_4;3-Urbano;4-Urban;Montes_Claros;Cephalotes_pusilhos;1;0.307;NA;0.564;0.937;1.244
Urban_5;3-Urbano;4-Urban;Montes_Claros;Azteca_sp.1;1;0.138;NA;0.492;0.471;0.491
Urban_5;3-Urbano;4-Urban;Montes_Claros;Brachymyrmex_sp.1;1;0.144;NA;0.394;NA;0.551
Urban_5;3-Urbano;4-Urban;Montes_Claros;Brachymyrmex_sp.1;2;0.111;NA;0.432;0.404;0.484
Urban_5;3-Urbano;4-Urban;Montes_Claros;Brachymyrmex_sp.1;3;0.126;NA;0.438;0.407;0.522
Urban_5;3-Urbano;4-Urban;Montes_Claros;Brachymyrmex_sp.1;4;0.132;0.269;0.472;0.367;0.474
Urban_5;3-Urbano;4-Urban;Montes_Claros;Brachymyrmex_sp.1;5;0.148;NA;0.472;0.503;0.524
Urban_5;3-Urbano;4-Urban;Montes_Claros;Brachymyrmex_sp.2;1;0.148;NA;0.515;0.516;0.571
Urban_5;3-Urbano;4-Urban;Montes_Claros;Brachymyrmex_sp.2;2;0.129;0.261;0.417;0.475;0.515
Urban_5;3-Urbano;4-Urban;Montes_Claros;Brachymyrmex_sp.2;3;0.137;NA;0.465;0.474;0.551
Urban_5;3-Urbano;4-Urban;Montes_Claros;Brachymyrmex_sp.2;4;0.122;NA;0.46;0.437;0.527
Urban_5;3-Urbano;4-Urban;Montes_Claros;Brachymyrmex_sp.2;5;0.135;NA;0.454;0.498;0.508
Urban_5;3-Urbano;4-Urban;Montes_Claros;Brachymyrmex_sp.3;1;0.145;NA;0.503;0.523;0.567
Urban_5;3-Urbano;4-Urban;Montes_Claros;Brachymyrmex_sp.3;2;0.13;NA;0.365;0.474;0.498
Urban_5;3-Urbano;4-Urban;Montes_Claros;Brachymyrmex_sp.3;3;0.137;NA;0.471;0.55;0.606
Urban_5;3-Urbano;4-Urban;Montes_Claros;Brachymyrmex_sp.3;4;0.126;0.236;0.398;0.395;0.413
Urban_5;3-Urbano;4-Urban;Montes_Claros;Brachymyrmex_sp.3;5;0.121;NA;0.465;0.388;0.46
Urban_5;3-Urbano;4-Urban;Montes_Claros;Camponotus_sp.3;1;0.417;NA;1.32;1.816;2.219
Urban_5;3-Urbano;4-Urban;Montes_Claros;Camponotus_sp.3;2;0.43;0.663;1.483;1.759;2.259
Urban_5;3-Urbano;4-Urban;Montes_Claros;Camponotus_sp.3;3;NA;NA;NA;1.969;2.599
Urban_5;3-Urbano;4-Urban;Montes_Claros;Camponotus_sp.3;4;0.487;0.77;1.407;NA;2.635
Urban_5;3-Urbano;4-Urban;Montes_Claros;Camponotus_sp.3;5;0.499;0.922;1.514;2.041;2.758
Urban_5;3-Urbano;4-Urban;Montes_Claros;Camponotus_sp.5;1;0.526;NA;1.759;2.213;2.698
Urban_5;3-Urbano;4-Urban;Montes_Claros;Camponotus_sp.5;2;0.467;0.747;1.566;1.969;2.486
Urban_5;3-Urbano;4-Urban;Montes_Claros;Camponotus_sp.5;3;0.447;NA;1.556;1.701;2.473
Urban_5;3-Urbano;4-Urban;Montes_Claros;Camponotus_sp.5;4;0.478;0.841;1.631;2.156;2.568
Urban_5;3-Urbano;4-Urban;Montes_Claros;Cephalotes_brogmeiri;1;0.436;NA;0.541;0.931;1.542
Urban_5;3-Urbano;4-Urban;Montes_Claros;Cephalotes_brogmeiri;2;0.442;NA;0.515;0.951;1.403
Urban_5;3-Urbano;4-Urban;Montes_Claros;Cephalotes_grandinosus;1;0.217;NA;0.347;0.436;0.788
Urban_5;3-Urbano;4-Urban;Montes_Claros;Cephalotes_pusilhos;1;0.363;NA;NA;0.928;1.272
Urban_5;3-Urbano;4-Urban;Montes_Claros;Cephalotes_pusilhos;2;0.315;NA;0.463;0.822;1.141
Urban_5;3-Urbano;4-Urban;Montes_Claros;Cephalotes_pusilhos;3;0.33;NA;0.493;0.776;1.11
Urban_5;3-Urbano;4-Urban;Montes_Claros;Cephalotes_pusilhos;4;0.308;NA;NA;0.842;1.216
Urban_5;3-Urbano;4-Urban;Montes_Claros;Cephalotes_pusilhos;5;0.322;NA;0.381;0.632;0.935
Urban_5;3-Urbano;4-Urban;Montes_Claros;Crematogaster_sp.4;1;0.179;0.407;0.651;0.542;0.816
Urban_5;3-Urbano;4-Urban;Montes_Claros;Dolichoderus_sp.1;1;0.332;NA;NA;NA;1.852
Urban_5;3-Urbano;4-Urban;Montes_Claros;Ectatomma_tuberculatum_;1;0.587;NA;2.301;3.292;3.88
Urban_5;3-Urbano;4-Urban;Montes_Claros;Ectatomma_tuberculatum_;2;0.537;NA;2.283;3.259;3.752
Urban_5;3-Urbano;4-Urban;Montes_Claros;Ectatomma_tuberculatum_;3;0.593;1.892;2.236;3.149;3.868
Urban_5;3-Urbano;4-Urban;Montes_Claros;Myrmelachista_sp.1;1;0.102;NA;0.255;0.314;0.599
Urban_5;3-Urbano;4-Urban;Montes_Claros;Myrmelachista_sp.1;2;0.101;NA;0.268;0.279;0.567
Urban_5;3-Urbano;4-Urban;Montes_Claros;Pseudomyrmex_sp.2;1;0.452;NA;0.3;NA;1.164
Urban_5;3-Urbano;4-Urban;Montes_Claros;Pseudomyrmex_sp.2;2;0.458;0.329;0.254;0.502;1.165
Urban_5;3-Urbano;4-Urban;Montes_Claros;Pseudomyrmex_sp.2;3;0.463;NA;0.299;0.534;1.167
Urban_5;3-Urbano;4-Urban;Montes_Claros;Pseudomyrmex_sp.2;4;0.469;0.356;0.298;0.5;1.159
Urban_5;3-Urbano;4-Urban;Montes_Claros;Pseudomyrmex_sp.2;5;0.426;NA;0.285;0.521;1.157
Urban_5;3-Urbano;4-Urban;Montes_Claros;Pseudomyrmex_sp.3;1;0.468;NA;0.3;0.593;1.332
Urban_5;3-Urbano;4-Urban;Montes_Claros;Pseudomyrmex_sp.3;2;0.459;0.403;0.295;0.621;1.617
Urban_5;3-Urbano;4-Urban;Montes_Claros;Pseudomyrmex_sp.3;3;0.461;NA;0.282;0.571;1.166
Urban_5;3-Urbano;4-Urban;Montes_Claros;Pseudomyrmex_sp.3;4;0.414;NA;0.245;NA;1.06
Urban_5;3-Urbano;4-Urban;Montes_Claros;Pseudomyrmex_sp.3;5;0.438;NA;0.22;0.462;1.021
Urban_5;3-Urbano;4-Urban;Montes_Claros;Pseudomyrmex_gracilis;1;0.833;0.73;0.661;1.238;1.956
Urban_5;3-Urbano;4-Urban;Montes_Claros;Pseudomyrmex_gracilis;2;0.941;0.79;NA;1.343;2.32
Urban_5;3-Urbano;4-Urban;Montes_Claros;Pseudomyrmex_gracilis;3;0.808;0.689;0.628;1.162;2.082
Urban_5;3-Urbano;4-Urban;Montes_Claros;Pseudomyrmex_gracilis;4;0.913;NA;0.787;1.557;2.344
Urban_5;3-Urbano;4-Urban;Montes_Claros;Pseudomyrmex_gracilis;5;0.809;0.71;0.638;1.215;2.081
Urban_5;3-Urbano;4-Urban;Montes_Claros;Pseudomyrmex_tenuis;1;0.786;0.665;0.655;1.223;1.872
Urban_5;3-Urbano;4-Urban;Montes_Claros;Pseudomyrmex_sp.6;1;0.499;0.418;0.31;0.639;1.247
Urban_6;3-Urbano;4-Urban;Montes_Claros;Camponotus_sp.1;1;0.385;NA;1.56;1.336;1.928
Urban_6;3-Urbano;4-Urban;Montes_Claros;Camponotus_sp.1;2;0.4;0.602;1.22;1.33;1.961
Urban_6;3-Urbano;4-Urban;Montes_Claros;Camponotus_sp.3;1;0.425;NA;NA;1.757;2.194
Urban_6;3-Urbano;4-Urban;Montes_Claros;Camponotus_sp.3;2;0.42;0.734;1.651;1.777;2.322
Urban_6;3-Urbano;4-Urban;Montes_Claros;Camponotus_sp.3;3;0.363;0.567;1.407;1.379;1.846
Urban_6;3-Urbano;4-Urban;Montes_Claros;Camponotus_sp.3;4;0.405;NA;1.35;1.641;1.99
Urban_6;3-Urbano;4-Urban;Montes_Claros;Camponotus_sp.3;5;0.432;NA;1.334;1.604;1.937
Urban_6;3-Urbano;4-Urban;Montes_Claros;Camponotus_sp.4;1;0.353;NA;1.377;1.457;1.74
Urban_6;3-Urbano;4-Urban;Montes_Claros;Camponotus_sp.5;1;0.412;0.627;1.371;2.012;2.012
Urban_6;3-Urbano;4-Urban;Montes_Claros;Camponotus_sp.5;2;0.492;0.837;1.631;2.083;2.561
Urban_6;3-Urbano;4-Urban;Montes_Claros;Camponotus_sp.5;3;0.485;NA;1.48;2.031;2.465
Urban_6;3-Urbano;4-Urban;Montes_Claros;Camponotus_sp.5;4;NA;NA;NA;1.837;2.261
Urban_6;3-Urbano;4-Urban;Montes_Claros;Camponotus_sp.9;1;0.31;NA;1.123;1.295;1.672
Urban_6;3-Urbano;4-Urban;Montes_Claros;Dorymyrmex_sp.1;1;0.233;NA;0.982;1.191;1.198
Urban_6;3-Urbano;4-Urban;Montes_Claros;Ectatomma_tuberculatum_;1;0.614;1.774;2.423;3.335;3.691
Urban_6;3-Urbano;4-Urban;Montes_Claros;Pseudomyrmex_sp.2;1;0.465;NA;0.361;0.685;1.333
Urban_6;3-Urbano;4-Urban;Montes_Claros;Pseudomyrmex_gracilis;1;0.859;NA;0.689;1.271;2.284
Urban_6;3-Urbano;4-Urban;Montes_Claros;Pseudomyrmex_gracilis;2;0.77;0.669;0.648;0.92;2.037
Urban_6;3-Urbano;4-Urban;Montes_Claros;Pseudomyrmex_gracilis;3;0.889;NA;0.678;1.259;2.151
Urban_6;3-Urbano;4-Urban;Montes_Claros;Pseudomyrmex_gracilis;4;0.686;NA;0.554;1.02;1.622
Urban_6;3-Urbano;4-Urban;Montes_Claros;Pseudomyrmex_gracilis;5;0.8;NA;0.614;1.174;2.135
Urban_6;3-Urbano;4-Urban;Montes_Claros;Pseudomyrmerx_termitarius;1;0.816;NA;0.626;1.145;2.095
Rural_7;2-Rural;3-Rural;Montes_Claros;Brachymyrmex_sp.2;1;0.124;NA;NA;0.395;0.415
Rural_7;2-Rural;3-Rural;Montes_Claros;Brachymyrmex_sp.2;2;0.113;NA;NA;0.366;0.353
Rural_7;2-Rural;3-Rural;Montes_Claros;Camponotus_sp.1;1;0.367;0.561;1.361;1.418;1.611
Rural_7;2-Rural;3-Rural;Montes_Claros;Camponotus_sp.1;2;0.384;0.627;NA;NA;2.053
Rural_7;2-Rural;3-Rural;Montes_Claros;Camponotus_sp.2;1;0.416;NA;1.571;1.702;1.95
Rural_7;2-Rural;3-Rural;Montes_Claros;Camponotus_sp.2;2;0.418;0.613;1.617;1.702;1.783
Rural_7;2-Rural;3-Rural;Montes_Claros;Camponotus_sp.2;3;0.375;0.617;1.485;NA;1.722
Rural_7;2-Rural;3-Rural;Montes_Claros;Camponotus_sp.3;1;0.418;NA;1.518;1.832;2.263
Rural_7;2-Rural;3-Rural;Montes_Claros;Camponotus_sp.4;1;0.394;NA;1.56;1.507;1.865
Rural_7;2-Rural;3-Rural;Montes_Claros;Camponotus_sp.4;2;0.403;NA;1.58;1.697;1.793
Rural_7;2-Rural;3-Rural;Montes_Claros;Camponotus_sp.4;3;0.388;0.675;1.662;1.716;1.909
Rural_7;2-Rural;3-Rural;Montes_Claros;Camponotus_sp.4;4;0.427;NA;1.53;1.906;2.055
Rural_7;2-Rural;3-Rural;Montes_Claros;Camponotus_sp.4;5;0.39;0.702;1.55;1.647;1.842
Rural_7;2-Rural;3-Rural;Montes_Claros;Camponotus_sp.5;1;0.475;0.812;1.667;2.158;2.611
Rural_7;2-Rural;3-Rural;Montes_Claros;Camponotus_sp.5;2;0.504;0.623;1.713;2.036;2.679
Rural_7;2-Rural;3-Rural;Montes_Claros;Camponotus_sp.5;3;0.392;0.73;1.455;1.641;2.361
Rural_7;2-Rural;3-Rural;Montes_Claros;Camponotus_sp.5;4;0.449;NA;1.545;1.943;2.546
Rural_7;2-Rural;3-Rural;Montes_Claros;Camponotus_sp.7;1;0.265;0.394;0.814;0.771;1.279
Rural_7;2-Rural;3-Rural;Montes_Claros;Cephalotes_betoi;1;0.384;NA;0.489;0.712;1.185
Rural_7;2-Rural;3-Rural;Montes_Claros;Cephalotes_betoi;2;0.346;NA;0.413;0.743;1.09
Rural_7;2-Rural;3-Rural;Montes_Claros;Cephalotes_betoi;3;0.384;NA;0.464;0.761;1.216
Rural_7;2-Rural;3-Rural;Montes_Claros;Cephalotes_pusilhos;1;0.258;NA;0.544;0.921;1.316
Rural_7;2-Rural;3-Rural;Montes_Claros;Cephalotes_pusilhos;2;0.294;NA;NA;0.838;1.163
Rural_7;2-Rural;3-Rural;Montes_Claros;Cephalotes_pusilhos;3;0.321;NA;0.432;0.935;1.317
Rural_7;2-Rural;3-Rural;Montes_Claros;Cephalotes_pusilhos;4;0.406;NA;0.571;1.136;1.789
Rural_7;2-Rural;3-Rural;Montes_Claros;Crematogaster_sp.2;1;0.129;NA;0.392;0.413;0.574
Rural_7;2-Rural;3-Rural;Montes_Claros;Crematogaster_sp.2;2;0.131;0.308;0.427;NA;0.672
Rural_7;2-Rural;3-Rural;Montes_Claros;Pseudomyrmex_sp.2;1;0.461;0.365;0.296;0.508;1.119
Rural_7;2-Rural;3-Rural;Montes_Claros;Pseudomyrmex_sp.3;1;0.463;0.354;0.257;0.543;1.081
Rural_7;2-Rural;3-Rural;Montes_Claros;Pseudomyrmex_sp.3;2;0.425;0.372;0.28;0.574;1.22
Rural_7;2-Rural;3-Rural;Montes_Claros;Pseudomyrmex_sp.3;3;0.39;NA;0.249;NA;0.99
Rural_7;2-Rural;3-Rural;Montes_Claros;Pseudomyrmex_gracilis;1;0.813;0.739;0.688;1.17;2.056
Rural_8;2-Rural;3-Rural;Montes_Claros;Atta_sp.1;1;0.476;2.516;3.125;5.671;4.146
Rural_8;2-Rural;3-Rural;Montes_Claros;Atta_sp.2;1;0.296;1.537;2.239;3.606;2.664
Rural_8;2-Rural;3-Rural;Montes_Claros;Atta_sp.2;2;0.222;1.085;1.744;2.589;1.953
Rural_8;2-Rural;3-Rural;Montes_Claros;Atta_sp.2;3;0.357;1.822;2.69;4.382;3.102
Rural_8;2-Rural;3-Rural;Montes_Claros;Atta_sp.2;4;0.328;NA;2.22;3.619;2.665
Rural_8;2-Rural;3-Rural;Montes_Claros;Atta_sp.2;5;0.325;NA;2.369;3.636;2.624
Rural_8;2-Rural;3-Rural;Montes_Claros;Camponotus_sp.1;1;NA;NA;NA;1.364;1.824
Rural_8;2-Rural;3-Rural;Montes_Claros;Camponotus_sp.1;2;0.314;0.577;NA;NA;1.645
Rural_8;2-Rural;3-Rural;Montes_Claros;Camponotus_sp.2;1;0.398;NA;1.305;1.412;1.75
Rural_8;2-Rural;3-Rural;Montes_Claros;Camponotus_sp.2;2;0.349;NA;1.495;1.568;1.899
Rural_8;2-Rural;3-Rural;Montes_Claros;Camponotus_sp.2;3;0.372;NA;1.507;1.58;1.753
Rural_8;2-Rural;3-Rural;Montes_Claros;Camponotus_sp.2;4;0.38;NA;1.386;1.669;1.813
Rural_8;2-Rural;3-Rural;Montes_Claros;Camponotus_sp.2;5;0.398;NA;1.528;1.511;1.739
Rural_8;2-Rural;3-Rural;Montes_Claros;Camponotus_sp.3;1;0.307;0.485;1.148;1.204;1.549
Rural_8;2-Rural;3-Rural;Montes_Claros;Camponotus_sp.3;2;0.302;0.569;1.186;1.16;1.613
Rural_8;2-Rural;3-Rural;Montes_Claros;Camponotus_sp.3;3;0.459;0.702;1.537;1.8;2.3
Rural_8;2-Rural;3-Rural;Montes_Claros;Camponotus_sp.3;4;0.303;NA;0.97;1.111;1.549
Rural_8;2-Rural;3-Rural;Montes_Claros;Camponotus_sp.3;5;0.303;0.51;1.09;1.042;1.503
Rural_8;2-Rural;3-Rural;Montes_Claros;Camponotus_sp.4;1;0.376;0.555;NA;1.251;1.582
Rural_8;2-Rural;3-Rural;Montes_Claros;Camponotus_sp.4;2;0.373;0.576;1.43;1.328;1.725
Rural_8;2-Rural;3-Rural;Montes_Claros;Camponotus_sp.4;3;0.386;NA;1.622;1.697;1.858
Rural_8;2-Rural;3-Rural;Montes_Claros;Camponotus_sp.4;4;0.39;0.613;1.561;1.651;1.797
Rural_8;2-Rural;3-Rural;Montes_Claros;Camponotus_sp.4;5;0.41;NA;1.651;1.608;1.882
Rural_8;2-Rural;3-Rural;Montes_Claros;Camponotus_sp.5;1;0.325;NA;1.189;1.162;1.652
Rural_8;2-Rural;3-Rural;Montes_Claros;Camponotus_sp.5;2;0.347;NA;1.201;1.334;1.668
Rural_8;2-Rural;3-Rural;Montes_Claros;Camponotus_sp.9;1;0.309;0.526;1.205;1.173;1.635
Rural_8;2-Rural;3-Rural;Montes_Claros;Camponotus_sp.9;2;0.353;NA;1.445;1.353;1.785
Rural_8;2-Rural;3-Rural;Montes_Claros;Camponotus_sp.9;3;0.283;NA;1.027;1.09;1.414
Rural_8;2-Rural;3-Rural;Montes_Claros;Cephalotes_grandinosus;1;0.25;NA;0.362;0.538;1.058
Rural_8;2-Rural;3-Rural;Montes_Claros;Cephalotes_betoi;1;0.377;NA;0.471;0.761;1.188
Rural_8;2-Rural;3-Rural;Montes_Claros;Cephalotes_pusilhos;1;0.336;NA;NA;0.882;1.319
Rural_8;2-Rural;3-Rural;Montes_Claros;Cephalotes_pusilhos;2;0.346;NA;0.4;0.606;1.028
Rural_8;2-Rural;3-Rural;Montes_Claros;Cephalotes_pusilhos;3;0.348;NA;0.438;0.64;0.544
Rural_8;2-Rural;3-Rural;Montes_Claros;Cephalotes_pusilhos;4;0.304;NA;NA;0.815;1.236
Rural_8;2-Rural;3-Rural;Montes_Claros;Cephalotes_pusilhos;5;0.324;NA;0.531;0.888;1.299
Rural_8;2-Rural;3-Rural;Montes_Claros;Crematogaster_sp.2;1;0.118;NA;0.388;0.381;0.622
Rural_8;2-Rural;3-Rural;Montes_Claros;Crematogaster_sp.2;2;0.138;NA;0.374;0.364;0.637
Rural_8;2-Rural;3-Rural;Montes_Claros;Crematogaster_sp.2;3;0.143;NA;0.421;0.486;0.651
Rural_8;2-Rural;3-Rural;Montes_Claros;Crematogaster_sp.2;4;0.156;NA;0.432;0.492;0.747
Rural_8;2-Rural;3-Rural;Montes_Claros;Crematogaster_sp.2;5;0.161;0.353;0.446;0.533;0.756
Rural_8;2-Rural;3-Rural;Montes_Claros;Crematogaster_sp.3;1;0.144;0.292;0.42;0.486;0.681
Rural_8;2-Rural;3-Rural;Montes_Claros;Crematogaster_sp.3;2;0.157;NA;0.384;0.511;0.641
Rural_8;2-Rural;3-Rural;Montes_Claros;Crematogaster_sp.3;3;0.157;NA;0.476;0.562;0.695
Rural_8;2-Rural;3-Rural;Montes_Claros;Crematogaster_sp.3;4;0.155;0.369;0.455;0.569;0.757
Rural_8;2-Rural;3-Rural;Montes_Claros;Crematogaster_sp.3;5;0.16;NA;0.485;0.565;0.796
Rural_8;2-Rural;3-Rural;Montes_Claros;Dorymyrmex_sp.1;1;0.26;NA;1.137;1.426;NA
Rural_8;2-Rural;3-Rural;Montes_Claros;Ectatomma_tuberculatum_;1;0.627;2;2.444;3.209;4.2
Rural_8;2-Rural;3-Rural;Montes_Claros;Pseudomyrmex_sp.3;1;0.47;0.334;0.262;0.555;1.121
Rural_8;2-Rural;3-Rural;Montes_Claros;Pseudomyrmex_sp.3;2;0.439;NA;0.25;0.477;1.11
Rural_8;2-Rural;3-Rural;Montes_Claros;Pseudomyrmex_sp.3;3;0.476;NA;0.299;0.547;1.122
Rural_8;2-Rural;3-Rural;Montes_Claros;Pseudomyrmex_sp.3;4;0.414;0.308;NA;0.477;0.464
Rural_8;2-Rural;3-Rural;Montes_Claros;Pseudomyrmex_sp.3;5;0.426;NA;0.279;NA;1.144
Rural_8;2-Rural;3-Rural;Montes_Claros;Pseudomyrmex_gracilis;1;0.91;0.78;0.737;1.226;2.268
Rural_8;2-Rural;3-Rural;Montes_Claros;Pseudomyrmex_gracilis;2;0.768;0.66;0.624;1.218;1.943
Rural_8;2-Rural;3-Rural;Montes_Claros;Pseudomyrmex_gracilis;3;0.832;0.688;0.643;1.236;2.162
Rural_8;2-Rural;3-Rural;Montes_Claros;Pseudomyrmex_gracilis;4;0.836;0.756;0.691;NA;2.116
Rural_9;2-Rural;3-Rural;Montes_Claros;Azteca_sp.1;1;0.14;NA;0.498;0.57;0.866
Rural_9;2-Rural;3-Rural;Montes_Claros;Azteca_sp.1;2;0.154;0.433;0.592;0.756;0.996
Rural_9;2-Rural;3-Rural;Montes_Claros;Azteca_sp.1;3;0.131;0.313;0.474;0.583;0.73
Rural_9;2-Rural;3-Rural;Montes_Claros;Azteca_sp.4;1;0.209;0.661;0.742;1.008;1.505
Rural_9;2-Rural;3-Rural;Montes_Claros;Brachymyrmex_sp.1;1;0.133;NA;0.476;0.473;0.46
Rural_9;2-Rural;3-Rural;Montes_Claros;Brachymyrmex_sp.1;2;0.13;NA;0.402;0.464;0.431
Rural_9;2-Rural;3-Rural;Montes_Claros;Brachymyrmex_sp.1;3;0.15;0.271;0.503;0.41;0.563
Rural_9;2-Rural;3-Rural;Montes_Claros;Brachymyrmex_sp.1;4;0.141;0.463;0.24;0.45;0.524
Rural_9;2-Rural;3-Rural;Montes_Claros;Brachymyrmex_sp.1;5;0.135;NA;0.443;0.349;0.505
Rural_9;2-Rural;3-Rural;Montes_Claros;Brachymyrmex_sp.2;1;0.136;NA;0.488;0.482;0.499
Rural_9;2-Rural;3-Rural;Montes_Claros;Brachymyrmex_sp.2;2;0.133;0.284;0.501;0.472;0.509
Rural_9;2-Rural;3-Rural;Montes_Claros;Brachymyrmex_sp.2;3;0.138;NA;0.469;0.435;0.5
Rural_9;2-Rural;3-Rural;Montes_Claros;Brachymyrmex_sp.2;4;0.13;NA;0.436;0.45;0.485
Rural_9;2-Rural;3-Rural;Montes_Claros;Brachymyrmex_sp.2;5;0.138;0.272;0.48;0.461;0.478
Rural_9;2-Rural;3-Rural;Montes_Claros;Brachymyrmex_sp.3;1;NA;NA;NA;0.457;0.541
Rural_9;2-Rural;3-Rural;Montes_Claros;Brachymyrmex_sp.3;2;0.135;NA;NA;0.427;0.501
Rural_9;2-Rural;3-Rural;Montes_Claros;Brachymyrmex_sp.3;3;0.146;NA;NA;0.488;0.505
Rural_9;2-Rural;3-Rural;Montes_Claros;Camponotus_sp.1;1;0.378;NA;1.458;NA;1.702
Rural_9;2-Rural;3-Rural;Montes_Claros;Camponotus_sp.2;1;0.341;NA;1.379;1.581;1.926
Rural_9;2-Rural;3-Rural;Montes_Claros;Camponotus_sp.2;2;0.431;0.758;1.682;1.708;2.044
Rural_9;2-Rural;3-Rural;Montes_Claros;Camponotus_sp.2;3;0.408;NA;1.632;1.625;2.053
Rural_9;2-Rural;3-Rural;Montes_Claros;Camponotus_sp.2;4;0.363;NA;1.379;1.37;1.583
Rural_9;2-Rural;3-Rural;Montes_Claros;Camponotus_sp.2;5;0.331;NA;1.314;1.406;1.71
Rural_9;2-Rural;3-Rural;Montes_Claros;Camponotus_sp.3;1;0.36;0.556;1.326;1.608;1.724
Rural_9;2-Rural;3-Rural;Montes_Claros;Camponotus_sp.3;2;0.465;0.763;1.672;1.872;2.529
Rural_9;2-Rural;3-Rural;Montes_Claros;Camponotus_sp.3;3;0.449;NA;1.543;1.774;2.383
Rural_9;2-Rural;3-Rural;Montes_Claros;Camponotus_sp.3;4;0.345;NA;NA;1.444;1.778
Rural_9;2-Rural;3-Rural;Montes_Claros;Camponotus_sp.3;5;0.339;NA;1.407;1.675;1.852
Rural_9;2-Rural;3-Rural;Montes_Claros;Camponotus_sp.4;1;0.358;0.516;1.221;1.148;1.625
Rural_9;2-Rural;3-Rural;Montes_Claros;Camponotus_sp.4;2;0.365;NA;1.39;1.479;1.716
Rural_9;2-Rural;3-Rural;Montes_Claros;Camponotus_sp.4;3;0.399;0.706;1.622;1.698;1.936
Rural_9;2-Rural;3-Rural;Montes_Claros;Camponotus_sp.4;4;0.343;0.527;1.386;1.402;1.572
Rural_9;2-Rural;3-Rural;Montes_Claros;Camponotus_sp.4;5;0.377;NA;NA;1.561;1.733
Rural_9;2-Rural;3-Rural;Montes_Claros;Camponotus_sp.5;1;0.397;0.694;1.531;1.784;2.163
Rural_9;2-Rural;3-Rural;Montes_Claros;Camponotus_sp.5;2;0.38;0.709;1.56;1.593;2.149
Rural_9;2-Rural;3-Rural;Montes_Claros;Camponotus_sp.5;3;NA;NA;NA;1.864;2.145
Rural_9;2-Rural;3-Rural;Montes_Claros;Camponotus_sp.5;4;0.397;NA;1.551;1.761;2.224
Rural_9;2-Rural;3-Rural;Montes_Claros;Camponotus_sp.5;5;0.362;0.547;1.182;1.307;1.709
Rural_9;2-Rural;3-Rural;Montes_Claros;Camponotus_sp.8;1;0.382;NA;1.647;1.646;2.126
Rural_9;2-Rural;3-Rural;Montes_Claros;Cephalotes_minutus;1;0.351;NA;0.385;0.682;1.1
Rural_9;2-Rural;3-Rural;Montes_Claros;Cephalotes_pusilhos;1;0.357;NA;0.386;0.671;1.064
Rural_9;2-Rural;3-Rural;Montes_Claros;Crematogaster_sp.3;1;0.148;NA;0.422;0.446;0.685
Rural_9;2-Rural;3-Rural;Montes_Claros;Pseudomyrmex_sp.2;1;0.434;NA;0.29;0.514;1.14
Rural_9;2-Rural;3-Rural;Montes_Claros;Pseudomyrmex_sp.2;2;0.426;0.324;0.276;0.47;1.135
Rural_9;2-Rural;3-Rural;Montes_Claros;Pseudomyrmex_sp.3;1;0.471;NA;0.256;NA;1.042
Rural_9;2-Rural;3-Rural;Montes_Claros;Pseudomyrmex_sp.3;2;0.487;NA;0.276;0.546;1.161
Rural_9;2-Rural;3-Rural;Montes_Claros;Pseudomyrmex_sp.3;3;0.46;0.357;0.275;0.528;1.179
Rural_9;2-Rural;3-Rural;Montes_Claros;Pseudomyrmex_sp.3;4;0.471;NA;0.266;0.568;1.181
Rural_9;2-Rural;3-Rural;Montes_Claros;Pseudomyrmex_gracilis;1;0.818;NA;0.647;1.205;1.996
Rural_9;2-Rural;3-Rural;Montes_Claros;Pseudomyrmex_gracilis;2;0.962;NA;0.742;1.353;2.321
Rural_9;2-Rural;3-Rural;Montes_Claros;Pseudomyrmex_gracilis;3;0.841;NA;0.637;1.2;2.039
Rural_9;2-Rural;3-Rural;Montes_Claros;Pseudomyrmex_tenuis;1;0.784;NA;0.647;1.095;1.934
Unidade_Conservacao_1_A;1-Silvestre;2-Wild(PEVP);Peruaçu;Azteca_sp.1;1;0.144;0.318;0.537;0.682;0.714
Unidade_Conservacao_1_A;1-Silvestre;2-Wild(PEVP);Peruaçu;Azteca_sp.1;2;0.151;0.354;0.552;0.672;0.802
Unidade_Conservacao_1_A;1-Silvestre;2-Wild(PEVP);Peruaçu;Azteca_sp.1;3;0.159;NA;0.549;0.703;0.877
Unidade_Conservacao_1_A;1-Silvestre;2-Wild(PEVP);Peruaçu;Azteca_sp.1;4;0.136;0.336;0.506;0.638;0.756
Unidade_Conservacao_1_A;1-Silvestre;2-Wild(PEVP);Peruaçu;Azteca_sp.3;1;0.181;NA;0.608;0.797;1.074
Unidade_Conservacao_1_A;1-Silvestre;2-Wild(PEVP);Peruaçu;Azteca_sp.3;2;0.149;0.362;0.527;0.603;0.759
Unidade_Conservacao_1_A;1-Silvestre;2-Wild(PEVP);Peruaçu;Azteca_sp.3;3;0.139;NA;0.575;0.62;0.745
Unidade_Conservacao_1_A;1-Silvestre;2-Wild(PEVP);Peruaçu;Azteca_sp.4;1;0.256;NA;0.737;1.08;1.561
Unidade_Conservacao_1_A;1-Silvestre;2-Wild(PEVP);Peruaçu;Azteca_sp.4;2;0.203;0.522;0.604;0.932;1.197
Unidade_Conservacao_1_A;1-Silvestre;2-Wild(PEVP);Peruaçu;Azteca_sp.5;1;0.184;NA;0.625;0.668;1.027
Unidade_Conservacao_1_A;1-Silvestre;2-Wild(PEVP);Peruaçu;Azteca_sp.5;2;0.176;NA;0.564;0.742;0.897
Unidade_Conservacao_1_A;1-Silvestre;2-Wild(PEVP);Peruaçu;Brachymyrmex_sp.2;1;0.121;NA;NA;0.427;0.412
Unidade_Conservacao_1_A;1-Silvestre;2-Wild(PEVP);Peruaçu;Brachymyrmex_sp.2;2;NA;NA;NA;0.45;0.44
Unidade_Conservacao_1_A;1-Silvestre;2-Wild(PEVP);Peruaçu;Brachymyrmex_sp.2;3;NA;NA;NA;0.462;0.475
Unidade_Conservacao_1_A;1-Silvestre;2-Wild(PEVP);Peruaçu;Camponotus_sp.2;1;0.374;0.577;1.332;1.424;1.765
Unidade_Conservacao_1_A;1-Silvestre;2-Wild(PEVP);Peruaçu;Camponotus_sp.2;2;0.36;NA;1.432;1.442;1.647
Unidade_Conservacao_1_A;1-Silvestre;2-Wild(PEVP);Peruaçu;Camponotus_sp.3;1;0.38;0.651;1.506;1.865;2.221
Unidade_Conservacao_1_A;1-Silvestre;2-Wild(PEVP);Peruaçu;Camponotus_sp.3;2;0.389;NA;1.654;2.089;2.416
Unidade_Conservacao_1_A;1-Silvestre;2-Wild(PEVP);Peruaçu;Camponotus_sp.3;3;0.484;NA;1.577;2.057;2.46
Unidade_Conservacao_1_A;1-Silvestre;2-Wild(PEVP);Peruaçu;Camponotus_sp.3;4;0.468;NA;1.603;2.06;2.536
Unidade_Conservacao_1_A;1-Silvestre;2-Wild(PEVP);Peruaçu;Camponotus_sp.3;5;0.482;NA;1.648;1.938;2.616
Unidade_Conservacao_1_A;1-Silvestre;2-Wild(PEVP);Peruaçu;Camponotus_sp.4;1;0.419;0.597;NA;1.314;1.747
Unidade_Conservacao_1_A;1-Silvestre;2-Wild(PEVP);Peruaçu;Camponotus_sp.4;2;NA;NA;NA;1.831;2.23
Unidade_Conservacao_1_A;1-Silvestre;2-Wild(PEVP);Peruaçu;Camponotus_sp.4;3;0.453;NA;NA;1.818;2.122
Unidade_Conservacao_1_A;1-Silvestre;2-Wild(PEVP);Peruaçu;Camponotus_sp.4;4;0.452;NA;1.645;1.767;2.018
Unidade_Conservacao_1_A;1-Silvestre;2-Wild(PEVP);Peruaçu;Camponotus_sp.4;5;0.358;0.568;1.397;1.455;1.637
Unidade_Conservacao_1_A;1-Silvestre;2-Wild(PEVP);Peruaçu;Camponotus_sp.5;1;0.483;0.787;1.559;2.127;2.529
Unidade_Conservacao_1_A;1-Silvestre;2-Wild(PEVP);Peruaçu;Camponotus_sp.5;2;0.47;NA;1.547;2.037;2.364
Unidade_Conservacao_1_A;1-Silvestre;2-Wild(PEVP);Peruaçu;Camponotus_sp.5;3;0.493;0.8;1.639;2.086;2.456
Unidade_Conservacao_1_A;1-Silvestre;2-Wild(PEVP);Peruaçu;Camponotus_sp.5;4;0.468;NA;1.602;2.088;2.489
Unidade_Conservacao_1_A;1-Silvestre;2-Wild(PEVP);Peruaçu;Camponotus_sp.5;5;0.498;0.791;1.615;2.049;2.554
Unidade_Conservacao_1_A;1-Silvestre;2-Wild(PEVP);Peruaçu;Camponotus_sp.9;1;0.425;0.675;1.42;1.824;2.114
Unidade_Conservacao_1_A;1-Silvestre;2-Wild(PEVP);Peruaçu;Cephalotes_atratus;1;0.653;1.171;NA;3.054;3.609
Unidade_Conservacao_1_A;1-Silvestre;2-Wild(PEVP);Peruaçu;Cephalotes_atratus;2;0.718;NA;1.522;3.497;4.066
Unidade_Conservacao_1_A;1-Silvestre;2-Wild(PEVP);Peruaçu;Cephalotes_atratus;3;0.661;1.254;1.632;3.306;3.917
Unidade_Conservacao_1_A;1-Silvestre;2-Wild(PEVP);Peruaçu;Cephalotes_betoi;1;0.36;NA;NA;0.771;1.133
Unidade_Conservacao_1_A;1-Silvestre;2-Wild(PEVP);Peruaçu;Cephalotes_betoi;2;0.316;0.39;0.52;0.653;1.036
Unidade_Conservacao_1_A;1-Silvestre;2-Wild(PEVP);Peruaçu;Cephalotes_betoi;3;0.38;0.453;0.436;0.762;1.245
Unidade_Conservacao_1_A;1-Silvestre;2-Wild(PEVP);Peruaçu;Cephalotes_minutus;1;0.324;NA;0.378;0.59;0.972
Unidade_Conservacao_1_A;1-Silvestre;2-Wild(PEVP);Peruaçu;Cephalotes_minutus;2;0.342;NA;0.52;0.876;1.24
Unidade_Conservacao_1_A;1-Silvestre;2-Wild(PEVP);Peruaçu;Cephalotes_minutus;3;0.283;NA;0.354;0.558;0.892
Unidade_Conservacao_1_A;1-Silvestre;2-Wild(PEVP);Peruaçu;Cephalotes_pusilhos;1;0.387;0.62;0.677;1.087;1.652
Unidade_Conservacao_1_A;1-Silvestre;2-Wild(PEVP);Peruaçu;Cephalotes_pusilhos;2;0.348;0.508;0.527;0.996;1.431
Unidade_Conservacao_1_A;1-Silvestre;2-Wild(PEVP);Peruaçu;Cephalotes_pusilhos;3;0.34;0.482;0.552;0.89;1.312
Unidade_Conservacao_1_A;1-Silvestre;2-Wild(PEVP);Peruaçu;Cephalotes_pusilhos;4;0.343;0.458;0.524;0.888;1.254
Unidade_Conservacao_1_A;1-Silvestre;2-Wild(PEVP);Peruaçu;Cephalotes_pusilhos;5;0.339;0.488;0.559;0.921;1.343
Unidade_Conservacao_1_A;1-Silvestre;2-Wild(PEVP);Peruaçu;Crematogaster_sp.4;1;0.177;0.394;0.469;0.617;0.699
Unidade_Conservacao_1_A;1-Silvestre;2-Wild(PEVP);Peruaçu;Pseudomyrmex_sp.2;1;0.471;NA;0.332;0.592;1.318
Unidade_Conservacao_1_A;1-Silvestre;2-Wild(PEVP);Peruaçu;Pseudomyrmex_sp.2;2;0.482;NA;0.331;0.596;1.352
Unidade_Conservacao_1_A;1-Silvestre;2-Wild(PEVP);Peruaçu;Pseudomyrmex_sp.2;3;0.442;0.344;0.247;0.444;1.031
Unidade_Conservacao_1_A;1-Silvestre;2-Wild(PEVP);Peruaçu;Pseudomyrmex_sp.2;4;0.503;0.422;0.328;0.605;1.285
Unidade_Conservacao_1_A;1-Silvestre;2-Wild(PEVP);Peruaçu;Pseudomyrmex_sp.3;1;0.448;0.33;0.253;0.519;1.125
Unidade_Conservacao_1_A;1-Silvestre;2-Wild(PEVP);Peruaçu;Pseudomyrmex_sp.3;2;0.439;0.369;0.298;0.567;1.148
Unidade_Conservacao_1_A;1-Silvestre;2-Wild(PEVP);Peruaçu;Pseudomyrmex_sp.3;3;0.458;0.361;0.258;0.559;1.175
Unidade_Conservacao_1_A;1-Silvestre;2-Wild(PEVP);Peruaçu;Pseudomyrmex_sp.3;4;0.442;NA;0.272;0.554;1.143
Unidade_Conservacao_1_A;1-Silvestre;2-Wild(PEVP);Peruaçu;Pseudomyrmex_sp.3;5;0.405;0.336;0.271;0.495;1.098
Unidade_Conservacao_1_A;1-Silvestre;2-Wild(PEVP);Peruaçu;Pseudomyrmex_sp.4;1;0.818;NA;0.678;1.25;2.098
Unidade_Conservacao_1_A;1-Silvestre;2-Wild(PEVP);Peruaçu;Pseudomyrmex_sp.10;1;0.399;0.288;0.249;0.415;0.974
Unidade_Conservacao_1_A;1-Silvestre;2-Wild(PEVP);Peruaçu;Pseudomyrmex_sp.11;1;0.608;0.451;0.369;0.674;1.479
Unidade_Conservacao_1_A;1-Silvestre;2-Wild(PEVP);Peruaçu;Pseudomyrmex_sp.2;1;0.559;NA;0.387;0.673;1.459
Unidade_Conservacao_2_A;1-Silvestre;2-Wild(PEVP);Peruaçu;Camponotus_sp.1;1;0.423;NA;1.845;2.135;2.577
Unidade_Conservacao_2_A;1-Silvestre;2-Wild(PEVP);Peruaçu;Camponotus_sp.2;1;0.382;0.587;1.487;1.596;1.943
Unidade_Conservacao_2_A;1-Silvestre;2-Wild(PEVP);Peruaçu;Camponotus_sp.3;1;0.471;0.755;1.53;1.946;2.486
Unidade_Conservacao_2_A;1-Silvestre;2-Wild(PEVP);Peruaçu;Camponotus_sp.3;2;0.492;NA;1.558;1.936;2.408
Unidade_Conservacao_2_A;1-Silvestre;2-Wild(PEVP);Peruaçu;Camponotus_sp.4;1;0.382;0.608;1.463;1.482;1.769
Unidade_Conservacao_2_A;1-Silvestre;2-Wild(PEVP);Peruaçu;Camponotus_sp.4;2;0.408;NA;1.618;1.635;1.847
Unidade_Conservacao_2_A;1-Silvestre;2-Wild(PEVP);Peruaçu;Camponotus_sp.4;3;0.392;0.647;1.59;1.595;1.754
Unidade_Conservacao_2_A;1-Silvestre;2-Wild(PEVP);Peruaçu;Camponotus_sp.4;4;0.396;0.668;1.553;1.601;1.867
Unidade_Conservacao_2_A;1-Silvestre;2-Wild(PEVP);Peruaçu;Camponotus_sp.4;5;0.346;0.65;1.496;1.545;1.767
Unidade_Conservacao_2_A;1-Silvestre;2-Wild(PEVP);Peruaçu;Camponotus_sp.9;1;0.473;0.933;2.313;2.67;2.736
Unidade_Conservacao_2_A;1-Silvestre;2-Wild(PEVP);Peruaçu;Cephalotes_sp.11;1;0.315;0.444;0.567;0.898;1.295
Unidade_Conservacao_2_A;1-Silvestre;2-Wild(PEVP);Peruaçu;Cephalotes_sp.11;2;0.305;0.44;0.447;0.827;1.164
Unidade_Conservacao_2_A;1-Silvestre;2-Wild(PEVP);Peruaçu;Cephalotes_atratus;1;0.721;1.302;1.771;3.385;4.091
Unidade_Conservacao_2_A;1-Silvestre;2-Wild(PEVP);Peruaçu;Cephalotes_grandinosus;1;0.222;0.38;0.318;0.38;0.76
Unidade_Conservacao_2_A;1-Silvestre;2-Wild(PEVP);Peruaçu;Cephalotes_minutus;1;0.321;0.304;0.368;0.595;0.891
Unidade_Conservacao_2_A;1-Silvestre;2-Wild(PEVP);Peruaçu;Cephalotes_minutus;2;0.374;0.391;NA;0.697;1.116
Unidade_Conservacao_2_A;1-Silvestre;2-Wild(PEVP);Peruaçu;Cephalotes_pusilhos;1;0.307;0.445;0.468;0.822;1.168
Unidade_Conservacao_2_A;1-Silvestre;2-Wild(PEVP);Peruaçu;Cephalotes_pusilhos;2;0.322;NA;NA;NA;1.302
Unidade_Conservacao_2_A;1-Silvestre;2-Wild(PEVP);Peruaçu;Cephalotes_pusilhos;3;0.3;0.451;NA;0.916;1.259
Unidade_Conservacao_2_A;1-Silvestre;2-Wild(PEVP);Peruaçu;Cephalotes_pusilhos;4;0.324;0.515;0.536;0.968;1.423
Unidade_Conservacao_2_A;1-Silvestre;2-Wild(PEVP);Peruaçu;Cephalotes_pusilhos;5;0.312;NA;0.528;0.955;1.306
Unidade_Conservacao_2_A;1-Silvestre;2-Wild(PEVP);Peruaçu;Dorymyrmex_sp.4;1;0.241;NA;0.983;1.246;1.134
Unidade_Conservacao_2_A;1-Silvestre;2-Wild(PEVP);Peruaçu;Pseudomyrmex_sp.2;1;0.525;NA;0.352;0.613;1.196
Unidade_Conservacao_2_A;1-Silvestre;2-Wild(PEVP);Peruaçu;Pseudomyrmex_sp.2;2;0.527;NA;0.345;0.657;1.275
Unidade_Conservacao_2_A;1-Silvestre;2-Wild(PEVP);Peruaçu;Pseudomyrmex_sp.2;3;0.484;0.373;0.338;0.606;1.136
Unidade_Conservacao_2_A;1-Silvestre;2-Wild(PEVP);Peruaçu;Pseudomyrmex_sp.9;1;0.523;NA;0.583;1.073;1.587
Unidade_Conservacao_2_A;1-Silvestre;2-Wild(PEVP);Peruaçu;Pseudomyrmex_sp.9;2;0.548;0.631;0.611;1.156;1.879
Unidade_Conservacao_2_A;1-Silvestre;2-Wild(PEVP);Peruaçu;Pseudomyrmex_sp.9;3;0.537;NA;0.612;1.077;1.726
Unidade_Conservacao_2_A;1-Silvestre;2-Wild(PEVP);Peruaçu;Pseudomyrmex_sp.9;4;0.521;NA;0.565;1.139;1.66
Unidade_Conservacao_2_A;1-Silvestre;2-Wild(PEVP);Peruaçu;Pseudomyrmex_sp.9;5;0.563;NA;0.61;1.134;1.787
Unidade_Conservacao_2_A;1-Silvestre;2-Wild(PEVP);Peruaçu;Pseudomyrmex_sp.10;1;0.41;0.314;0.255;0.48;1.059
Unidade_Conservacao_2_A;1-Silvestre;2-Wild(PEVP);Peruaçu;Pseudomyrmex_sp.10;2;0.438;0.322;0.287;0.512;1.083
Unidade_Conservacao_2_A;1-Silvestre;2-Wild(PEVP);Peruaçu;Pseudomyrmex_sp.11;1;0.606;0.44;0.345;0.631;1.415
Unidade_Conservacao_2_A;1-Silvestre;2-Wild(PEVP);Peruaçu;Pseudomyrmex_gracilis;1;0.863;0.601;0.642;1.251;1.996
Unidade_Conservacao_2_A;1-Silvestre;2-Wild(PEVP);Peruaçu;Pseudomyrmex_kuenckeli;1;0.522;NA;0.563;1.154;1.67
Unidade_Conservacao_2_A;1-Silvestre;2-Wild(PEVP);Peruaçu;Pseudomyrmex_kuenckeli;2;0.558;NA;0.594;1.155;1.759
Unidade_Conservacao_2_A;1-Silvestre;2-Wild(PEVP);Peruaçu;Solenopsis_sp.2;1;0.055;0.197;0.3;0.271;0.486
Unidade_Conservacao_3_A;1-Silvestre;2-Wild(PEVP);Peruaçu;Azteca_sp.1;1;0.162;NA;0.574;0.733;0.797
Unidade_Conservacao_3_A;1-Silvestre;2-Wild(PEVP);Peruaçu;Azteca_sp.1;2;0.142;NA;0.514;0.649;0.726
Unidade_Conservacao_3_A;1-Silvestre;2-Wild(PEVP);Peruaçu;Azteca_sp.2;1;0.162;NA;0.497;0.701;0.816
Unidade_Conservacao_3_A;1-Silvestre;2-Wild(PEVP);Peruaçu;Azteca_sp.2;2;0.167;NA;0.555;NA;0.984
Unidade_Conservacao_3_A;1-Silvestre;2-Wild(PEVP);Peruaçu;Azteca_sp.2;3;0.162;0.402;0.618;0.706;0.91
Unidade_Conservacao_3_A;1-Silvestre;2-Wild(PEVP);Peruaçu;Azteca_sp.2;4;0.151;0.351;0.574;0.712;0.917
Unidade_Conservacao_3_A;1-Silvestre;2-Wild(PEVP);Peruaçu;Azteca_sp.2;5;0.15;0.42;0.599;0.774;0.949
Unidade_Conservacao_3_A;1-Silvestre;2-Wild(PEVP);Peruaçu;Azteca_sp.4;1;0.21;0.494;NA;0.935;1.126
Unidade_Conservacao_3_A;1-Silvestre;2-Wild(PEVP);Peruaçu;Azteca_sp.5;1;0.164;0.379;0.536;0.737;0.924
Unidade_Conservacao_3_A;1-Silvestre;2-Wild(PEVP);Peruaçu;Azteca_sp.5;2;0.144;0.374;0.554;0.689;0.868
Unidade_Conservacao_3_A;1-Silvestre;2-Wild(PEVP);Peruaçu;Camponotus_sp.2;1;0.423;0.7;1.617;1.711;2.208
Unidade_Conservacao_3_A;1-Silvestre;2-Wild(PEVP);Peruaçu;Camponotus_sp.2;2;0.35;NA;1.475;1.696;1.97
Unidade_Conservacao_3_A;1-Silvestre;2-Wild(PEVP);Peruaçu;Camponotus_sp.2;3;0.423;0.608;1.564;1.749;2.052
Unidade_Conservacao_3_A;1-Silvestre;2-Wild(PEVP);Peruaçu;Camponotus_sp.3;1;0.433;NA;1.413;1.766;2.249
Unidade_Conservacao_3_A;1-Silvestre;2-Wild(PEVP);Peruaçu;Camponotus_sp.3;2;0.454;NA;1.508;1.992;2.327
Unidade_Conservacao_3_A;1-Silvestre;2-Wild(PEVP);Peruaçu;Camponotus_sp.4;1;0.462;NA;1.594;NA;2.495
Unidade_Conservacao_3_A;1-Silvestre;2-Wild(PEVP);Peruaçu;Camponotus_sp.4;2;0.412;NA;1.556;1.723;1.923
Unidade_Conservacao_3_A;1-Silvestre;2-Wild(PEVP);Peruaçu;Camponotus_sp.4;3;0.403;0.649;1.348;1.623;1.859
Unidade_Conservacao_3_A;1-Silvestre;2-Wild(PEVP);Peruaçu;Camponotus_sp.4;4;0.376;0.617;1.567;1.674;1.777
Unidade_Conservacao_3_A;1-Silvestre;2-Wild(PEVP);Peruaçu;Camponotus_sp.5;1;0.439;NA;NA;2.003;2.338
Unidade_Conservacao_3_A;1-Silvestre;2-Wild(PEVP);Peruaçu;Camponotus_sp.5;2;0.447;NA;1.517;1.448;2.27
Unidade_Conservacao_3_A;1-Silvestre;2-Wild(PEVP);Peruaçu;Camponotus_sp.5;3;0.471;NA;1.523;2.033;2.576
Unidade_Conservacao_3_A;1-Silvestre;2-Wild(PEVP);Peruaçu;Camponotus_sp.5;4;0.408;0.659;1.431;1.749;2.055
Unidade_Conservacao_3_A;1-Silvestre;2-Wild(PEVP);Peruaçu;Camponotus_sp.5;5;0.451;NA;1.522;2.032;2.385
Unidade_Conservacao_3_A;1-Silvestre;2-Wild(PEVP);Peruaçu;Camponotus_sp.9;1;0.373;0.563;1.408;1.422;1.821
Unidade_Conservacao_3_A;1-Silvestre;2-Wild(PEVP);Peruaçu;Camponotus_sp.9;2;0.402;0.583;1.311;NA;1.967
Unidade_Conservacao_3_A;1-Silvestre;2-Wild(PEVP);Peruaçu;Camponotus_sp.9;3;0.441;NA;1.64;NA;2.398
Unidade_Conservacao_3_A;1-Silvestre;2-Wild(PEVP);Peruaçu;Camponotus_sp.9;4;0.394;NA;NA;1.88;2.255
Unidade_Conservacao_3_A;1-Silvestre;2-Wild(PEVP);Peruaçu;Cephalotes_betoi;1;0.38;0.426;0.507;0.768;1.069
Unidade_Conservacao_3_A;1-Silvestre;2-Wild(PEVP);Peruaçu;Cephalotes_betoi;2;0.378;NA;0.575;0.766;1.242
Unidade_Conservacao_3_A;1-Silvestre;2-Wild(PEVP);Peruaçu;Cephalotes_betoi;3;0.4;NA;NA;0.797;1.27
Unidade_Conservacao_3_A;1-Silvestre;2-Wild(PEVP);Peruaçu;Cephalotes_minutus;1;0.316;0.32;0.42;0.6;0.926
Unidade_Conservacao_3_A;1-Silvestre;2-Wild(PEVP);Peruaçu;Cephalotes_minutus;2;0.325;0.352;0.375;0.607;0.976
Unidade_Conservacao_3_A;1-Silvestre;2-Wild(PEVP);Peruaçu;Cephalotes_minutus;3;0.308;NA;0.325;0.611;0.974
Unidade_Conservacao_3_A;1-Silvestre;2-Wild(PEVP);Peruaçu;Cephalotes_minutus;4;0.309;NA;NA;0.574;0.876
Unidade_Conservacao_3_A;1-Silvestre;2-Wild(PEVP);Peruaçu;Cephalotes_minutus;5;0.322;NA;0.706;0.908;1.305
Unidade_Conservacao_3_A;1-Silvestre;2-Wild(PEVP);Peruaçu;Cephalotes_persimilis;1;0.299;0.347;0.416;0.625;1.14
Unidade_Conservacao_3_A;1-Silvestre;2-Wild(PEVP);Peruaçu;Cephalotes_pusilhos;1;0.318;NA;0.544;0.874;1.272
Unidade_Conservacao_3_A;1-Silvestre;2-Wild(PEVP);Peruaçu;Cephalotes_pusilhos;2;0.3;0.418;0.502;0.736;1.177
Unidade_Conservacao_3_A;1-Silvestre;2-Wild(PEVP);Peruaçu;Cephalotes_pusilhos;3;0.288;0.421;NA;0.862;1.122
Unidade_Conservacao_3_A;1-Silvestre;2-Wild(PEVP);Peruaçu;Cephalotes_pusilhos;4;0.303;0.454;0.557;0.878;1.273
Unidade_Conservacao_3_A;1-Silvestre;2-Wild(PEVP);Peruaçu;Cephalotes_pusilhos;5;0.297;NA;0.518;0.808;1.193
Unidade_Conservacao_3_A;1-Silvestre;2-Wild(PEVP);Peruaçu;Dorymyrmex_sp.9;1;0.202;NA;0.763;0.957;1.113
Unidade_Conservacao_3_A;1-Silvestre;2-Wild(PEVP);Peruaçu;Gnamptogenys_sp.1;1;0.356;NA;0.867;1.229;1.785
Unidade_Conservacao_3_A;1-Silvestre;2-Wild(PEVP);Peruaçu;Myrmelachista_sp.1;1;0.101;0.201;0.251;0.293;0.564
Unidade_Conservacao_3_A;1-Silvestre;2-Wild(PEVP);Peruaçu;Myrmelachista_sp.1;2;0.102;0.217;0.25;0.281;0.567
Unidade_Conservacao_3_A;1-Silvestre;2-Wild(PEVP);Peruaçu;Myrmelachista_sp.1;3;0.099;NA;0.242;0.269;0.542
Unidade_Conservacao_3_A;1-Silvestre;2-Wild(PEVP);Peruaçu;Pseudomyrmex_sp.3;1;0.452;NA;0.281;0.543;1.223
Unidade_Conservacao_3_A;1-Silvestre;2-Wild(PEVP);Peruaçu;Pseudomyrmex_sp.3;2;0.557;NA;0.371;0.7;1.41
Unidade_Conservacao_3_A;1-Silvestre;2-Wild(PEVP);Peruaçu;Pseudomyrmex_sp.5;1;0.79;NA;0.662;1.109;1.995
Unidade_Conservacao_3_A;1-Silvestre;2-Wild(PEVP);Peruaçu;Pseudomyrmex_sp.9;1;0.501;NA;0.563;0.981;1.567
Unidade_Conservacao_3_A;1-Silvestre;2-Wild(PEVP);Peruaçu;Pseudomyrmex_sp.9;2;0.556;NA;0.586;1.123;NA
Unidade_Conservacao_3_A;1-Silvestre;2-Wild(PEVP);Peruaçu;Pseudomyrmex_sp.10;1;0.458;NA;0.255;0.513;1.119
Unidade_Conservacao_1_P;1-Silvestre;1-Wild(PESC);Cabral;Azteca_sp.1;1;0.142;NA;0.566;NA;0.874
Unidade_Conservacao_1_P;1-Silvestre;1-Wild(PESC);Cabral;Azteca_sp.1;2;0.146;0.361;0.504;0.681;0.862
Unidade_Conservacao_1_P;1-Silvestre;1-Wild(PESC);Cabral;Azteca_sp.4;1;0.186;0.567;0.653;0.968;1.275
Unidade_Conservacao_1_P;1-Silvestre;1-Wild(PESC);Cabral;Azteca_sp.5;1;0.142;0.398;0.53;0.685;0.874
Unidade_Conservacao_1_P;1-Silvestre;1-Wild(PESC);Cabral;Brachymyrmex_sp.1;1;0.125;NA;NA;0.479;0.504
Unidade_Conservacao_1_P;1-Silvestre;1-Wild(PESC);Cabral;Brachymyrmex_sp.1;2;0.15;NA;0.473;0.468;0.651
Unidade_Conservacao_1_P;1-Silvestre;1-Wild(PESC);Cabral;Brachymyrmex_sp.1;3;0.143;NA;0.497;0.483;0.564
Unidade_Conservacao_1_P;1-Silvestre;1-Wild(PESC);Cabral;Brachymyrmex_sp.1;4;0.138;NA;0.458;0.445;0.507
Unidade_Conservacao_1_P;1-Silvestre;1-Wild(PESC);Cabral;Brachymyrmex_sp.1;5;0.129;NA;0.459;0.458;0.503
Unidade_Conservacao_1_P;1-Silvestre;1-Wild(PESC);Cabral;Camponotus_sp.4;1;0.353;NA;1.375;1.651;1.935
Unidade_Conservacao_1_P;1-Silvestre;1-Wild(PESC);Cabral;Camponotus_sp.4;2;0.354;NA;1.143;1.333;1.544
Unidade_Conservacao_1_P;1-Silvestre;1-Wild(PESC);Cabral;Camponotus_sp.5;1;0.487;0.806;1.57;2.03;2.466
Unidade_Conservacao_1_P;1-Silvestre;1-Wild(PESC);Cabral;Camponotus_sp.5;2;0.451;NA;1.631;1.532;2.341
Unidade_Conservacao_1_P;1-Silvestre;1-Wild(PESC);Cabral;Camponotus_sp.5;3;0.443;NA;1.548;1.984;2.224
Unidade_Conservacao_1_P;1-Silvestre;1-Wild(PESC);Cabral;Camponotus_sp.5;4;NA;NA;NA;1.863;2.364
Unidade_Conservacao_1_P;1-Silvestre;1-Wild(PESC);Cabral;Camponotus_sp.5;5;0.327;NA;1.144;1.227;1.643
Unidade_Conservacao_1_P;1-Silvestre;1-Wild(PESC);Cabral;Cephalotes_atratus;1;0.652;NA;1.329;3.083;3.482
Unidade_Conservacao_1_P;1-Silvestre;1-Wild(PESC);Cabral;Cephalotes_atratus;2;0.557;0.962;1.219;2.908;3.109
Unidade_Conservacao_1_P;1-Silvestre;1-Wild(PESC);Cabral;Cephalotes_atratus;3;0.678;1.209;1.615;3.401;4.039
Unidade_Conservacao_1_P;1-Silvestre;1-Wild(PESC);Cabral;Cephalotes_atratus;4;0.55;0.932;1.206;2.754;3.062
Unidade_Conservacao_1_P;1-Silvestre;1-Wild(PESC);Cabral;Cephalotes_atratus;5;0.556;NA;1.348;2.77;3.081
Unidade_Conservacao_1_P;1-Silvestre;1-Wild(PESC);Cabral;Cephalotes_liepini;1;0.246;NA;0.414;0.526;1.057
Unidade_Conservacao_1_P;1-Silvestre;1-Wild(PESC);Cabral;Cephalotes_maculatus;1;0.223;NA;0.397;0.474;0.78
Unidade_Conservacao_1_P;1-Silvestre;1-Wild(PESC);Cabral;Cephalotes_minutus;1;0.361;NA;0.459;0.718;1.25
Unidade_Conservacao_1_P;1-Silvestre;1-Wild(PESC);Cabral;Cephalotes_pusilhos;1;0.301;NA;NA;0.932;1.224
Unidade_Conservacao_1_P;1-Silvestre;1-Wild(PESC);Cabral;Cephalotes_pusilhos;2;0.325;0.401;0.562;NA;1.267
Unidade_Conservacao_1_P;1-Silvestre;1-Wild(PESC);Cabral;Cephalotes_pusilhos;3;0.306;0.452;0.442;0.856;1.165
Unidade_Conservacao_1_P;1-Silvestre;1-Wild(PESC);Cabral;Crematogaster_sp.5;2;0.193;NA;0.536;0.606;0.847
Unidade_Conservacao_1_P;1-Silvestre;1-Wild(PESC);Cabral;Crematogaster_sp.5;3;0.149;NA;0.412;0.5;0.624
Unidade_Conservacao_1_P;1-Silvestre;1-Wild(PESC);Cabral;Crematogaster_sp.5;4;0.135;0.363;0.443;0.464;0.666
Unidade_Conservacao_1_P;1-Silvestre;1-Wild(PESC);Cabral;Crematogaster_sp.5;5;0.155;NA;0.485;0.548;0.736
Unidade_Conservacao_1_P;1-Silvestre;1-Wild(PESC);Cabral;Crematogaster_sp.1;2;0.149;0.389;0.44;0.535;0.745
Unidade_Conservacao_1_P;1-Silvestre;1-Wild(PESC);Cabral;Crematogaster_sp.1;3;0.164;0.398;0.459;0.564;0.767
Unidade_Conservacao_1_P;1-Silvestre;1-Wild(PESC);Cabral;Crematogaster_sp.1;4;0.137;NA;0.458;0.477;0.741
Unidade_Conservacao_1_P;1-Silvestre;1-Wild(PESC);Cabral;Crematogaster_sp.1;5;0.147;0.371;0.451;0.545;0.685
Unidade_Conservacao_1_P;1-Silvestre;1-Wild(PESC);Cabral;Crematogaster_sp.2;1;0.184;0.448;0.545;0.645;0.868
Unidade_Conservacao_1_P;1-Silvestre;1-Wild(PESC);Cabral;Crematogaster_sp.2;2;0.143;0.38;0.545;0.652;0.729
Unidade_Conservacao_1_P;1-Silvestre;1-Wild(PESC);Cabral;Crematogaster_sp.2;3;0.152;0.382;0.536;0.689;0.663
Unidade_Conservacao_1_P;1-Silvestre;1-Wild(PESC);Cabral;Crematogaster_sp.2;4;0.173;0.389;0.497;NA;0.813
Unidade_Conservacao_1_P;1-Silvestre;1-Wild(PESC);Cabral;Crematogaster_sp.2;5;0.16;NA;0.478;0.509;0.801
Unidade_Conservacao_1_P;1-Silvestre;1-Wild(PESC);Cabral;Crematogaster_sp.3;1;0.15;0.352;0.446;NA;0.659
Unidade_Conservacao_1_P;1-Silvestre;1-Wild(PESC);Cabral;Crematogaster_sp.3;2;0.136;NA;0.434;0.515;0.644
Unidade_Conservacao_1_P;1-Silvestre;1-Wild(PESC);Cabral;Crematogaster_sp.3;3;0.128;NA;0.426;0.506;0.679
Unidade_Conservacao_1_P;1-Silvestre;1-Wild(PESC);Cabral;Crematogaster_sp.3;4;0.141;0.363;0.437;0.551;0.686
Unidade_Conservacao_1_P;1-Silvestre;1-Wild(PESC);Cabral;Crematogaster_sp.3;5;0.158;NA;0.491;0.567;0.705
Unidade_Conservacao_1_P;1-Silvestre;1-Wild(PESC);Cabral;Crematogaster_sp.6;1;0.283;NA;0.705;0.944;1.28
Unidade_Conservacao_1_P;1-Silvestre;1-Wild(PESC);Cabral;Crematogaster_sp.6;2;0.229;0.599;0.651;0.749;1.169
Unidade_Conservacao_1_P;1-Silvestre;1-Wild(PESC);Cabral;Crematogaster_sp.6;3;0.245;NA;0.673;0.903;1.218
Unidade_Conservacao_1_P;1-Silvestre;1-Wild(PESC);Cabral;Crematogaster_sp.6;5;0.246;0.537;0.566;0.862;1.142
Unidade_Conservacao_1_P;1-Silvestre;1-Wild(PESC);Cabral;Dorymyrmex_sp.4;1;0.257;NA;0.991;1.334;1.244
Unidade_Conservacao_1_P;1-Silvestre;1-Wild(PESC);Cabral;Dorymyrmex_sp.4;2;0.226;0.518;0.937;1.255;1.144
Unidade_Conservacao_1_P;1-Silvestre;1-Wild(PESC);Cabral;Dorymyrmex_sp.4;3;0.267;0.506;0.986;1.284;1.224
Unidade_Conservacao_1_P;1-Silvestre;1-Wild(PESC);Cabral;Dorymyrmex_sp.4;4;0.254;NA;0.98;1.321;1.18
Unidade_Conservacao_1_P;1-Silvestre;1-Wild(PESC);Cabral;Dorymyrmex_sp.4;5;0.236;NA;0.904;1.157;1.163
Unidade_Conservacao_1_P;1-Silvestre;1-Wild(PESC);Cabral;Dorymyrmex_sp.5;1;0.244;NA;0.922;1.268;1.259
Unidade_Conservacao_1_P;1-Silvestre;1-Wild(PESC);Cabral;Dorymyrmex_sp.7;1;0.269;NA;1.012;1.329;1.211
Unidade_Conservacao_1_P;1-Silvestre;1-Wild(PESC);Cabral;Dorymyrmex_sp.8;1;0.266;NA;NA;1.243;1.195
Unidade_Conservacao_1_P;1-Silvestre;1-Wild(PESC);Cabral;Dorymyrmex_sp.8;2;0.259;NA;1.074;1.419;1.276
Unidade_Conservacao_1_P;1-Silvestre;1-Wild(PESC);Cabral;Megalomyrmex_sp.1;1;0.138;0.408;0.623;0.809;0.914
Unidade_Conservacao_1_P;1-Silvestre;1-Wild(PESC);Cabral;Megalomyrmex_sp.1;2;0.139;NA;0.632;0.858;0.944
Unidade_Conservacao_1_P;1-Silvestre;1-Wild(PESC);Cabral;Megalomyrmex_sp.1;3;0.145;NA;0.63;0.803;0.943
Unidade_Conservacao_1_P;1-Silvestre;1-Wild(PESC);Cabral;Megalomyrmex_sp.1;4;0.139;0.362;0.608;0.795;0.928
Unidade_Conservacao_1_P;1-Silvestre;1-Wild(PESC);Cabral;Megalomyrmex_sp.1;5;0.155;NA;0.627;0.774;0.896
Unidade_Conservacao_1_P;1-Silvestre;1-Wild(PESC);Cabral;Pseudomyrmex_sp.2;2;0.447;0.366;0.296;0.528;1.118
Unidade_Conservacao_1_P;1-Silvestre;1-Wild(PESC);Cabral;Pseudomyrmex_sp.3;1;0.477;NA;NA;0.572;1.164
Unidade_Conservacao_1_P;1-Silvestre;1-Wild(PESC);Cabral;Pseudomyrmex_sp.10;1;0.476;0.405;0.344;0.614;1.303
Unidade_Conservacao_2_P;1-Silvestre;1-Wild(PESC);Cabral;Crematogaster_sp.5;1;0.24;0.586;0.607;0.874;1.204
Unidade_Conservacao_2_P;1-Silvestre;1-Wild(PESC);Cabral;Crematogaster_sp.1;1;0.134;0.294;0.359;0.446;0.558
Unidade_Conservacao_2_P;1-Silvestre;1-Wild(PESC);Cabral;Crematogaster_sp.6;4;0.243;NA;0.702;0.941;1.302
Unidade_Conservacao_2_P;1-Silvestre;1-Wild(PESC);Cabral;Azteca_sp.1;1;0.158;0.363;0.566;0.704;0.809
Unidade_Conservacao_2_P;1-Silvestre;1-Wild(PESC);Cabral;Camponotus_sp.1;1;0.424;NA;1.558;1.557;1.915
Unidade_Conservacao_2_P;1-Silvestre;1-Wild(PESC);Cabral;Camponotus_sp.1;2;0.405;NA;1.547;1.606;1.983
Unidade_Conservacao_2_P;1-Silvestre;1-Wild(PESC);Cabral;Camponotus_sp.1;3;0.413;0.68;1.632;1.619;2.138
Unidade_Conservacao_2_P;1-Silvestre;1-Wild(PESC);Cabral;Camponotus_sp.4;1;0.352;0.666;1.457;1.661;1.983
Unidade_Conservacao_2_P;1-Silvestre;1-Wild(PESC);Cabral;Camponotus_sp.5;1;0.485;0.758;1.59;2.081;2.392
Unidade_Conservacao_2_P;1-Silvestre;1-Wild(PESC);Cabral;Camponotus_sp.10;1;0.381;NA;1.903;1.888;2.386
Unidade_Conservacao_2_P;1-Silvestre;1-Wild(PESC);Cabral;Camponotus_sp.11;1;0.255;NA;0.855;NA;1.178
Unidade_Conservacao_2_P;1-Silvestre;1-Wild(PESC);Cabral;Camponotus_sp.11;2;0.253;NA;0.879;0.906;1.251
Unidade_Conservacao_2_P;1-Silvestre;1-Wild(PESC);Cabral;Camponotus_sp.11;3;0.264;NA;0.961;0.926;1.318
Unidade_Conservacao_2_P;1-Silvestre;1-Wild(PESC);Cabral;Camponotus_sp.11;4;0.261;NA;1.002;NA;1.331
Unidade_Conservacao_2_P;1-Silvestre;1-Wild(PESC);Cabral;Camponotus_sp.11;5;0.256;NA;0.998;0.935;1.274
Unidade_Conservacao_2_P;1-Silvestre;1-Wild(PESC);Cabral;Camponotus_sp.12;1;0.274;NA;0.852;0.836;1.229
Unidade_Conservacao_2_P;1-Silvestre;1-Wild(PESC);Cabral;Cephalotes_atratus;1;0.613;1.114;NA;3.104;3.5
Unidade_Conservacao_2_P;1-Silvestre;1-Wild(PESC);Cabral;Cephalotes_atratus;2;0.739;NA;1.709;3.522;4.168
Unidade_Conservacao_2_P;1-Silvestre;1-Wild(PESC);Cabral;Cephalotes_depressus;1;0.368;NA;0.524;0.828;1.304
Unidade_Conservacao_2_P;1-Silvestre;1-Wild(PESC);Cabral;Cephalotes_depressus;2;0.377;0.493;0.516;0.874;1.34
Unidade_Conservacao_2_P;1-Silvestre;1-Wild(PESC);Cabral;Cephalotes_depressus;3;0.344;NA;0.622;0.815;1.395
Unidade_Conservacao_2_P;1-Silvestre;1-Wild(PESC);Cabral;Cephalotes_persimilis;1;0.3;NA;0.484;0.643;1.133
Unidade_Conservacao_2_P;1-Silvestre;1-Wild(PESC);Cabral;Cephalotes_pusilhos;1;0.296;0.426;0.494;0.879;1.193
Unidade_Conservacao_2_P;1-Silvestre;1-Wild(PESC);Cabral;Crematogaster_sp.1;1;0.144;0.346;0.453;0.554;0.64
Unidade_Conservacao_2_P;1-Silvestre;1-Wild(PESC);Cabral;Crematogaster_sp.1;2;0.15;NA;0.476;0.449;0.776
Unidade_Conservacao_2_P;1-Silvestre;1-Wild(PESC);Cabral;Crematogaster_sp.1;3;0.148;NA;0.469;0.557;0.74
Unidade_Conservacao_2_P;1-Silvestre;1-Wild(PESC);Cabral;Crematogaster_sp.1;4;0.14;NA;0.439;0.593;0.767
Unidade_Conservacao_2_P;1-Silvestre;1-Wild(PESC);Cabral;Crematogaster_sp.1;5;0.137;NA;0.465;0.578;0.677
Unidade_Conservacao_2_P;1-Silvestre;1-Wild(PESC);Cabral;Crematogaster_sp.2;1;0.141;0.362;0.443;NA;0.649
Unidade_Conservacao_2_P;1-Silvestre;1-Wild(PESC);Cabral;Crematogaster_sp.2;2;0.16;0.416;0.477;0.511;0.716
Unidade_Conservacao_2_P;1-Silvestre;1-Wild(PESC);Cabral;Crematogaster_sp.3;1;0.148;NA;0.413;0.509;0.662
Unidade_Conservacao_2_P;1-Silvestre;1-Wild(PESC);Cabral;Crematogaster_sp.3;2;0.215;0.509;0.577;0.687;1.035
Unidade_Conservacao_2_P;1-Silvestre;1-Wild(PESC);Cabral;Crematogaster_sp.3;3;0.167;NA;0.493;NA;0.783
Unidade_Conservacao_2_P;1-Silvestre;1-Wild(PESC);Cabral;Crematogaster_sp.3;4;0.16;NA;0.457;NA;0.684
Unidade_Conservacao_2_P;1-Silvestre;1-Wild(PESC);Cabral;Crematogaster_sp.5;1;0.156;NA;0.47;0.588;0.776
Unidade_Conservacao_2_P;1-Silvestre;1-Wild(PESC);Cabral;Crematogaster_sp.5;2;0.179;NA;0.501;NA;0.796
Unidade_Conservacao_2_P;1-Silvestre;1-Wild(PESC);Cabral;Crematogaster_sp.5;3;0.16;0.38;0.478;0.57;0.739
Unidade_Conservacao_2_P;1-Silvestre;1-Wild(PESC);Cabral;Crematogaster_sp.5;4;0.198;NA;0.558;0.716;0.975
Unidade_Conservacao_2_P;1-Silvestre;1-Wild(PESC);Cabral;Crematogaster_sp.5;5;0.146;NA;0.398;0.493;0.614
Unidade_Conservacao_2_P;1-Silvestre;1-Wild(PESC);Cabral;Crematogaster_sp.6;1;0.229;0.562;0.631;0.794;1.043
Unidade_Conservacao_2_P;1-Silvestre;1-Wild(PESC);Cabral;Crematogaster_sp.6;2;0.233;NA;0.617;0.795;1.115
Unidade_Conservacao_2_P;1-Silvestre;1-Wild(PESC);Cabral;Crematogaster_sp.6;3;0.258;0.649;0.692;0.919;1.29
Unidade_Conservacao_2_P;1-Silvestre;1-Wild(PESC);Cabral;Dolichoderus_sp.1;1;0.324;0.718;1.307;1.579;1.939
Unidade_Conservacao_2_P;1-Silvestre;1-Wild(PESC);Cabral;Dolichoderus_sp.1;2;0.337;NA;1.257;1.454;2.027
Unidade_Conservacao_2_P;1-Silvestre;1-Wild(PESC);Cabral;Dolichoderus_sp.1;3;0.378;0.717;1.335;1.714;2.205
Unidade_Conservacao_2_P;1-Silvestre;1-Wild(PESC);Cabral;Dolichoderus_sp.1;4;0.313;0.649;1.272;1.513;1.929
Unidade_Conservacao_2_P;1-Silvestre;1-Wild(PESC);Cabral;Dolichoderus_sp.1;5;0.356;NA;1.292;1.696;2.024
Unidade_Conservacao_2_P;1-Silvestre;1-Wild(PESC);Cabral;Dolichoderus_sp.3;1;0.343;0.658;1.232;1.446;1.876
Unidade_Conservacao_2_P;1-Silvestre;1-Wild(PESC);Cabral;Dorymyrmex_sp.2;1;0.25;0.518;NA;1.349;1.188
Unidade_Conservacao_2_P;1-Silvestre;1-Wild(PESC);Cabral;Dorymyrmex_sp.2;2;0.254;NA;0.968;1.327;1.244
Unidade_Conservacao_2_P;1-Silvestre;1-Wild(PESC);Cabral;Dorymyrmex_sp.2;3;0.261;NA;1.045;1.371;1.338
Unidade_Conservacao_2_P;1-Silvestre;1-Wild(PESC);Cabral;Dorymyrmex_sp.2;4;0.265;0.538;1.016;1.31;1.22
Unidade_Conservacao_2_P;1-Silvestre;1-Wild(PESC);Cabral;Dorymyrmex_sp.3;1;0.268;0.529;0.996;1.374;1.196
Unidade_Conservacao_2_P;1-Silvestre;1-Wild(PESC);Cabral;Dorymyrmex_sp.3;2;0.24;NA;0.87;NA;1.145
Unidade_Conservacao_2_P;1-Silvestre;1-Wild(PESC);Cabral;Dorymyrmex_sp.3;3;0.241;0.502;0.933;1.272;1.206
Unidade_Conservacao_2_P;1-Silvestre;1-Wild(PESC);Cabral;Dorymyrmex_sp.3;4;0.207;0.48;0.869;1.253;1.042
Unidade_Conservacao_2_P;1-Silvestre;1-Wild(PESC);Cabral;Dorymyrmex_sp.3;5;0.22;NA;0.956;1.316;1.184
Unidade_Conservacao_2_P;1-Silvestre;1-Wild(PESC);Cabral;Dorymyrmex_sp.4;1;0.224;NA;0.884;1.174;1.087
Unidade_Conservacao_2_P;1-Silvestre;1-Wild(PESC);Cabral;Dorymyrmex_sp.4;2;0.239;NA;0.961;1.301;1.205
Unidade_Conservacao_2_P;1-Silvestre;1-Wild(PESC);Cabral;Dorymyrmex_sp.4;3;0.244;NA;0.91;1.257;1.174
Unidade_Conservacao_2_P;1-Silvestre;1-Wild(PESC);Cabral;Dorymyrmex_sp.5;1;0.233;NA;0.902;NA;1.206
Unidade_Conservacao_2_P;1-Silvestre;1-Wild(PESC);Cabral;Dorymyrmex_sp.5;2;0.236;NA;NA;1.226;1.068
Unidade_Conservacao_2_P;1-Silvestre;1-Wild(PESC);Cabral;Dorymyrmex_sp.5;3;0.25;NA;1.027;1.321;1.204
Unidade_Conservacao_2_P;1-Silvestre;1-Wild(PESC);Cabral;Dorymyrmex_sp.6;1;0.28;NA;0.979;NA;1.309
Unidade_Conservacao_2_P;1-Silvestre;1-Wild(PESC);Cabral;Gnamptogenys_sp.1;1;0.365;0.941;1.005;1.477;1.993
Unidade_Conservacao_2_P;1-Silvestre;1-Wild(PESC);Cabral;Pseudomyrmex_sp.3;1;0.414;0.324;0.241;0.538;1.093
Unidade_Conservacao_2_P;1-Silvestre;1-Wild(PESC);Cabral;Pseudomyrmex_sp.6;1;0.556;0.48;0.374;0.715;1.353
Unidade_Conservacao_2_P;1-Silvestre;1-Wild(PESC);Cabral;Pseudomyrmex_sp.6;2;0.527;0.482;0.378;0.714;1.348
Unidade_Conservacao_2_P;1-Silvestre;1-Wild(PESC);Cabral;Pseudomyrmex_sp.6;3;0.555;0.493;0.391;0.675;1.344
Unidade_Conservacao_2_P;1-Silvestre;1-Wild(PESC);Cabral;Solenopsis_sp.2;1;0.056;NA;0.291;0.256;0.493
Unidade_Conservacao_3_P;1-Silvestre;1-Wild(PESC);Cabral;Azteca_sp.1;1;0.151;0.37;0.515;0.725;0.865
Unidade_Conservacao_3_P;1-Silvestre;1-Wild(PESC);Cabral;Azteca_sp.1;2;0.166;NA;0.553;0.734;0.848
Unidade_Conservacao_3_P;1-Silvestre;1-Wild(PESC);Cabral;Azteca_sp.1;3;0.161;0.362;0.553;0.714;0.797
Unidade_Conservacao_3_P;1-Silvestre;1-Wild(PESC);Cabral;Azteca_sp.1;4;0.152;NA;0.552;NA;0.826
Unidade_Conservacao_3_P;1-Silvestre;1-Wild(PESC);Cabral;Camponotus_sp.1;1;0.385;NA;1.436;1.41;1.93
Unidade_Conservacao_3_P;1-Silvestre;1-Wild(PESC);Cabral;Camponotus_sp.4;1;0.371;NA;NA;1.602;1.88
Unidade_Conservacao_3_P;1-Silvestre;1-Wild(PESC);Cabral;Camponotus_sp.4;2;0.397;0.492;1.166;1.271;1.545
Unidade_Conservacao_3_P;1-Silvestre;1-Wild(PESC);Cabral;Camponotus_sp.4;3;0.386;NA;1.464;1.591;1.903
Unidade_Conservacao_3_P;1-Silvestre;1-Wild(PESC);Cabral;Camponotus_sp.4;4;0.385;NA;1.507;1.449;1.834
Unidade_Conservacao_3_P;1-Silvestre;1-Wild(PESC);Cabral;Camponotus_sp.4;5;0.361;0.568;1.132;1.271;1.57
Unidade_Conservacao_3_P;1-Silvestre;1-Wild(PESC);Cabral;Camponotus_sp.5;1;0.53;0.813;1.623;2.026;2.582
Unidade_Conservacao_3_P;1-Silvestre;1-Wild(PESC);Cabral;Camponotus_sp.5;2;0.484;0.744;1.515;1.902;2.371
Unidade_Conservacao_3_P;1-Silvestre;1-Wild(PESC);Cabral;Camponotus_sp.5;3;0.52;NA;NA;2.128;2.548
Unidade_Conservacao_3_P;1-Silvestre;1-Wild(PESC);Cabral;Camponotus_sp.5;4;0.487;NA;1.491;1.885;2.327
Unidade_Conservacao_3_P;1-Silvestre;1-Wild(PESC);Cabral;Camponotus_sp.5;5;NA;NA;NA;NA;2.368
Unidade_Conservacao_3_P;1-Silvestre;1-Wild(PESC);Cabral;Crematogaster_sp.1;1;0.212;NA;0.66;0.829;0.945
Unidade_Conservacao_3_P;1-Silvestre;1-Wild(PESC);Cabral;Crematogaster_sp.1;2;0.223;NA;0.668;0.762;0.987
Unidade_Conservacao_3_P;1-Silvestre;1-Wild(PESC);Cabral;Crematogaster_sp.1;3;0.191;NA;0.647;0.729;0.884
Unidade_Conservacao_3_P;1-Silvestre;1-Wild(PESC);Cabral;Crematogaster_sp.1;4;0.195;0.452;0.622;0.717;0.883
Unidade_Conservacao_3_P;1-Silvestre;1-Wild(PESC);Cabral;Crematogaster_sp.1;5;0.189;0.446;0.461;0.743;0.798
Unidade_Conservacao_3_P;1-Silvestre;1-Wild(PESC);Cabral;Crematogaster_sp.2;1;0.193;NA;0.627;0.738;0.929
Unidade_Conservacao_3_P;1-Silvestre;1-Wild(PESC);Cabral;Crematogaster_sp.2;2;0.197;NA;0.645;0.722;0.891
Unidade_Conservacao_3_P;1-Silvestre;1-Wild(PESC);Cabral;Crematogaster_sp.2;3;0.2;NA;0.661;NA;0.961
Unidade_Conservacao_3_P;1-Silvestre;1-Wild(PESC);Cabral;Crematogaster_sp.2;4;0.22;NA;0.69;0.846;0.971
Unidade_Conservacao_3_P;1-Silvestre;1-Wild(PESC);Cabral;Crematogaster_sp.2;5;0.209;NA;0.644;0.858;0.998
Unidade_Conservacao_3_P;1-Silvestre;1-Wild(PESC);Cabral;Crematogaster_sp.3;1;0.141;NA;0.404;0.474;0.609
Unidade_Conservacao_3_P;1-Silvestre;1-Wild(PESC);Cabral;Crematogaster_sp.3;2;0.134;0.294;0.39;0.46;0.606
Unidade_Conservacao_3_P;1-Silvestre;1-Wild(PESC);Cabral;Crematogaster_sp.5;1;0.147;0.301;0.409;0.417;0.584
Unidade_Conservacao_3_P;1-Silvestre;1-Wild(PESC);Cabral;Dolichoderus_sp.1;1;0.329;NA;1.37;1.565;2.124
Unidade_Conservacao_3_P;1-Silvestre;1-Wild(PESC);Cabral;Dorymyrmex_sp.3;1;0.239;0.439;1.007;1.267;1.15
Unidade_Conservacao_3_P;1-Silvestre;1-Wild(PESC);Cabral;Dorymyrmex_sp.3;2;0.221;0.499;0.929;1.306;1.126
Unidade_Conservacao_3_P;1-Silvestre;1-Wild(PESC);Cabral;Dorymyrmex_sp.3;3;0.286;NA;1.079;1.423;1.353
Unidade_Conservacao_3_P;1-Silvestre;1-Wild(PESC);Cabral;Dorymyrmex_sp.3;4;0.266;NA;1.032;1.372;1.226
Unidade_Conservacao_3_P;1-Silvestre;1-Wild(PESC);Cabral;Dorymyrmex_sp.3;5;0.258;NA;0.992;1.338;1.223
Unidade_Conservacao_3_P;1-Silvestre;1-Wild(PESC);Cabral;Dorymyrmex_sp.2;1;NA;NA;NA;0.781;1.03
Unidade_Conservacao_3_P;1-Silvestre;1-Wild(PESC);Cabral;Dorymyrmex_sp.2;2;0.233;NA;0.718;0.818;0.961
Unidade_Conservacao_3_P;1-Silvestre;1-Wild(PESC);Cabral;Dorymyrmex_sp.2;3;0.217;NA;0.756;0.883;0.988
Unidade_Conservacao_3_P;1-Silvestre;1-Wild(PESC);Cabral;Dorymyrmex_sp.5;1;0.229;NA;0.847;1.193;1.214
Unidade_Conservacao_3_P;1-Silvestre;1-Wild(PESC);Cabral;Dorymyrmex_sp.6;1;0.244;NA;0.754;0.883;1.112
Unidade_Conservacao_3_P;1-Silvestre;1-Wild(PESC);Cabral;Dorymyrmex_sp.4;1;0.236;NA;0.921;1.285;1.125
Unidade_Conservacao_3_P;1-Silvestre;1-Wild(PESC);Cabral;Dorymyrmex_sp.4;2;0.219;NA;0.891;1.179;1.131
Unidade_Conservacao_3_P;1-Silvestre;1-Wild(PESC);Cabral;Ectatomma_tuberculatum_;1;0.508;NA;2.368;3.279;3.613
Unidade_Conservacao_3_P;1-Silvestre;1-Wild(PESC);Cabral;Myrmelachista_sp.2;2;0.286;NA;0.951;0.944;1.218
Unidade_Conservacao_3_P;1-Silvestre;1-Wild(PESC);Cabral;Pseudomyrmex_sp.2;1;0.441;NA;0.274;0.476;1.07
Unidade_Conservacao_3_P;1-Silvestre;1-Wild(PESC);Cabral;Pseudomyrmex_sp.2;2;0.431;NA;0.239;0.466;1.078
Unidade_Conservacao_3_P;1-Silvestre;1-Wild(PESC);Cabral;Pseudomyrmex_sp.2;3;0.425;NA;0.28;0.518;1.082
Unidade_Conservacao_3_P;1-Silvestre;1-Wild(PESC);Cabral;Pseudomyrmex_sp.2;4;0.431;0.321;0.258;NA;0.989
Unidade_Conservacao_3_P;1-Silvestre;1-Wild(PESC);Cabral;Pseudomyrmex_sp.10;1;0.401;0.325;0.265;0.46;0.985
Unidade_Conservacao_3_P;1-Silvestre;1-Wild(PESC);Cabral;Pseudomyrmex_sp.10;2;0.42;0.319;0.285;0.497;1.076
Unidade_Conservacao_3_P;1-Silvestre;1-Wild(PESC);Cabral;Pseudomyrmex_gracilis;1;0.9;NA;0.75;1.444;2.282
Unidade_Conservacao_3_P;1-Silvestre;1-Wild(PESC);Cabral;Pseudomyrmex_gracilis;2;0.862;0.724;0.703;1.29;2.168
Unidade_Conservacao_3_P;1-Silvestre;1-Wild(PESC);Cabral;Pseudomyrmex_gracilis;3;0.835;0.755;0.703;1.236;2.116
Unidade_Conservacao_3_P;1-Silvestre;1-Wild(PESC);Cabral;Solenopsis_sp.2;1;0.052;0.2;NA;0.283;0.492
Unidade_Conservacao_3_P;1-Silvestre;1-Wild(PESC);Cabral;Solenopsis_sp.2;2;0.06;NA;0.3;0.286;0.525
Unidade_Conservacao_3_P;1-Silvestre;1-Wild(PESC);Cabral;Solenopsis_sp.2;3;0.044;NA;NA;NA;0.433
Unidade_Conservacao_3_P;1-Silvestre;1-Wild(PESC);Cabral;Solenopsis_sp.2;4;0.052;0.18;0.243;0.219;0.445
Unidade_Conservacao_4_P;1-Silvestre;1-Wild(PESC);Cabral;Azteca_sp.3;1;0.187;0.451;0.637;NA;0.983
Unidade_Conservacao_4_P;1-Silvestre;1-Wild(PESC);Cabral;Camponotus_sp.4;1;0.344;NA;1.021;1.109;1.306
Unidade_Conservacao_4_P;1-Silvestre;1-Wild(PESC);Cabral;Camponotus_sp.4;2;0.368;0.495;1.242;1.288;1.411
Unidade_Conservacao_4_P;1-Silvestre;1-Wild(PESC);Cabral;Camponotus_sp.4;3;0.362;0.496;1.107;0.961;1.305
Unidade_Conservacao_4_P;1-Silvestre;1-Wild(PESC);Cabral;Camponotus_sp.5;4;0.361;0.499;1.198;1.226;1.339
Unidade_Conservacao_4_P;1-Silvestre;1-Wild(PESC);Cabral;Camponotus_sp.4;5;0.393;NA;1.314;1.363;1.498
Unidade_Conservacao_4_P;1-Silvestre;1-Wild(PESC);Cabral;Camponotus_sp.5;1;0.445;NA;1.7;2.094;2.385
Unidade_Conservacao_4_P;1-Silvestre;1-Wild(PESC);Cabral;Camponotus_sp.5;2;0.472;NA;1.619;1.575;2.351
Unidade_Conservacao_4_P;1-Silvestre;1-Wild(PESC);Cabral;Camponotus_sp.5;3;NA;NA;NA;1.99;2.361
Unidade_Conservacao_4_P;1-Silvestre;1-Wild(PESC);Cabral;Camponotus_sp.5;4;0.417;NA;1.429;NA;1.991
Unidade_Conservacao_4_P;1-Silvestre;1-Wild(PESC);Cabral;Camponotus_sp.9;1;0.379;0.598;1.364;1.624;1.928
Unidade_Conservacao_4_P;1-Silvestre;1-Wild(PESC);Cabral;Crematogaster_sp.2;1;0.136;NA;0.36;0.473;0.62
Unidade_Conservacao_4_P;1-Silvestre;1-Wild(PESC);Cabral;Crematogaster_sp.2;2;0.145;0.342;0.35;0.517;0.63
Unidade_Conservacao_4_P;1-Silvestre;1-Wild(PESC);Cabral;Crematogaster_sp.2;3;0.134;NA;0.419;0.463;0.574
Unidade_Conservacao_4_P;1-Silvestre;1-Wild(PESC);Cabral;Crematogaster_sp.2;4;0.149;0.388;0.437;0.544;0.759
Unidade_Conservacao_4_P;1-Silvestre;1-Wild(PESC);Cabral;Crematogaster_sp.2;5;0.134;0.313;0.422;0.457;0.596
Unidade_Conservacao_4_P;1-Silvestre;1-Wild(PESC);Cabral;Crematogaster_sp.4;1;0.14;0.279;0.46;NA;0.586
Unidade_Conservacao_4_P;1-Silvestre;1-Wild(PESC);Cabral;Crematogaster_sp.4;2;0.156;NA;0.515;0.505;0.605
Unidade_Conservacao_4_P;1-Silvestre;1-Wild(PESC);Cabral;Crematogaster_sp.4;3;0.16;NA;0.485;0.466;0.582
Unidade_Conservacao_4_P;1-Silvestre;1-Wild(PESC);Cabral;Crematogaster_sp.4;4;0.152;NA;0.483;0.404;0.586
Unidade_Conservacao_4_P;1-Silvestre;1-Wild(PESC);Cabral;Crematogaster_sp.4;5;0.139;0.282;0.473;0.427;0.553
Unidade_Conservacao_4_P;1-Silvestre;1-Wild(PESC);Cabral;Ectatomma_tuberculatum_;1;0.568;NA;1.955;2.824;3.43
Unidade_Conservacao_4_P;1-Silvestre;1-Wild(PESC);Cabral;Ectatomma_tuberculatum_;2;0.566;NA;2.163;2.935;3.438
Unidade_Conservacao_4_P;1-Silvestre;1-Wild(PESC);Cabral;Ectatomma_tuberculatum_;3;0.545;NA;2.345;3.218;3.662
Unidade_Conservacao_4_P;1-Silvestre;1-Wild(PESC);Cabral;Ectatomma_tuberculatum_;4;0.537;1.804;2.048;3.073;3.548
Unidade_Conservacao_4_P;1-Silvestre;1-Wild(PESC);Cabral;Ectatomma_tuberculatum_;5;0.613;1.843;2.228;3.281;3.856
Unidade_Conservacao_4_P;1-Silvestre;1-Wild(PESC);Cabral;Pseudomyrmex_sp.10;1;0.413;0.338;0.273;0.509;1.069
Unidade_Conservacao_4_P;1-Silvestre;1-Wild(PESC);Cabral;Pseudomyrmex_sp.10;2;0.426;0.347;0.272;0.511;1.062
Unidade_Conservacao_4_P;1-Silvestre;1-Wild(PESC);Cabral;Pseudomyrmerx_termitarius;1;0.77;NA;0.636;1.089;1.718
