Ant_species,Eye_length_mm,Mandible_length_mm,Scape_length_mm,Leg_length_mm,Weber_length_mm
Atta_sp.1,0.476,2.516,3.125,5.671,4.146
Atta_sp.2,0.3056,1.4813333333333334,2.2524,3.5664000000000002,2.6016000000000004
Azteca_sp.1,0.14763636363636365,0.3538181818181818,0.54025,0.68035,0.824409090909091
Azteca_sp.2,0.16533333333333333,0.4275,0.5915,0.7657999999999999,0.9926666666666666
Azteca_sp.3,0.156,0.37825,0.5832222222222222,0.687,0.8841111111111111
Azteca_sp.4,0.21280000000000002,0.5609999999999999,0.6839999999999999,0.9846,1.3328
Azteca_sp.5,0.16199999999999998,0.38366666666666666,0.5618000000000001,0.7041999999999999,0.9179999999999999
Brachymyrmex_sp.1,0.13285,0.27185714285714285,0.43794736842105264,0.4338823529411765,0.51505
Brachymyrmex_sp.2,0.13033333333333333,0.244,0.45858333333333334,0.46825,0.5160526315789473
Brachymyrmex_sp.3,0.13428571428571429,0.236,0.4404,0.46275,0.511375
Camponotus_sp.1,0.40149999999999997,0.6578333333333334,1.5687,1.6103999999999998,2.036153846153846
Camponotus_sp.10,0.381,,1.903,1.888,2.386
Camponotus_sp.11,0.25780000000000003,,0.9390000000000001,0.9223333333333334,1.2704
Camponotus_sp.12,0.274,,0.852,0.836,1.229
Camponotus_sp.2,0.3837894736842105,0.6371428571428571,1.4835263157894738,1.5806666666666667,1.858421052631579
Camponotus_sp.3,0.41345454545454546,0.6566875,1.435935483870968,1.718,2.170147058823529
Camponotus_sp.4,0.38578048780487806,0.5995714285714285,1.4415833333333332,1.5211219512195122,1.7894285714285716
Camponotus_sp.5,0.44477777777777777,0.7254285714285714,1.5196976744186046,1.8561249999999998,2.30656
Camponotus_sp.6,0.495,0.922,2.0175,2.3449999999999998,3.0505
Camponotus_sp.7,0.265,0.394,0.814,0.771,1.279
Camponotus_sp.8,0.382,,1.647,1.646,2.126
Camponotus_sp.9,0.37654545454545457,0.6463333333333333,1.4256,1.5923333333333334,1.975
Cephalotes_atratus,0.6452727272727272,1.134857142857143,1.4834444444444443,3.162181818181818,3.647636363636364
Cephalotes_betoi,0.37773333333333337,0.40875,0.5027272727272728,0.7553333333333333,1.213
Cephalotes_brogmeiri,0.439,,0.528,0.9410000000000001,1.4725000000000001
Cephalotes_depressus,0.363,0.493,0.5539999999999999,0.839,1.3463333333333332
Cephalotes_grandinosus,0.22966666666666669,0.38,0.3423333333333333,0.45133333333333336,0.8686666666666666
Cephalotes_liepini,0.246,,0.414,0.526,1.057
Cephalotes_maculatus,0.255,,0.397,0.4945,0.8795
Cephalotes_minutus,0.328,0.34175,0.429,0.668,1.0431666666666668
Cephalotes_persimilis,0.2995,0.347,0.44999999999999996,0.634,1.1364999999999998
Cephalotes_pusilhos,0.31825641025641027,0.4670714285714285,0.5042142857142857,0.854945945945946,1.226820512820513
Cephalotes_sp.11,0.31,0.442,0.507,0.8625,1.2294999999999998
Crematogaster_sp.1,0.156,0.35545454545454547,0.4819473684210526,0.5799000000000001,0.7453000000000001
Crematogaster_sp.2,0.15606896551724136,0.3648571428571428,0.4804285714285714,0.5537083333333334,0.7400344827586206
Crematogaster_sp.3,0.14826923076923076,0.3467777777777778,0.4436538461538462,0.5054285714285714,0.7006923076923077
Crematogaster_sp.4,0.15266666666666667,0.3225,0.5000909090909091,0.48900000000000005,0.6176153846153846
Crematogaster_sp.5,0.16890909090909093,0.4075,0.4815454545454545,0.5776,0.7782727272727272
Crematogaster_sp.6,0.24575,0.58675,0.654625,0.863375,1.194875
Dolichoderus_sp.1,0.33842857142857147,0.6946666666666667,1.3055,1.586833333333333,2.0142857142857147
Dolichoderus_sp.3,0.343,0.658,1.232,1.446,1.876
Dorymyrmex_sp.1,0.2465,,1.0594999999999999,1.3085,1.198
Dorymyrmex_sp.2,0.24666666666666667,0.528,0.9006000000000001,1.1198571428571429,1.1384285714285716
Dorymyrmex_sp.3,0.24459999999999998,0.48979999999999996,0.9663,1.3245555555555555,1.1850999999999998
Dorymyrmex_sp.4,0.24027272727272725,0.512,0.9407272727272727,1.2539090909090909,1.1646363636363637
Dorymyrmex_sp.5,0.2384,,0.9245,1.252,1.1902
Dorymyrmex_sp.6,0.262,,0.8665,0.883,1.2105000000000001
Dorymyrmex_sp.7,0.269,,1.012,1.329,1.211
Dorymyrmex_sp.8,0.2625,,1.074,1.331,1.2355
Dorymyrmex_sp.9,0.202,,0.763,0.957,1.113
Ectatomma_tuberculatum_,0.5750666666666666,1.8545714285714285,2.2592,3.1514666666666664,3.7762000000000002
Gnamptogenys_sp.1,0.3605,0.941,0.9359999999999999,1.3530000000000002,1.889
Megalomyrmex_sp.1,0.1432,0.385,0.624,0.8078,0.925
Myrmelachista_sp.1,0.10529999999999999,0.21416666666666664,0.2425,0.2902,0.5708
Myrmelachista_sp.2,0.286,,0.951,0.944,1.218
Pseudomyrmerx_termitarius,0.7929999999999999,,0.631,1.117,1.9065
Pseudomyrmex_gracilis,0.843090909090909,0.7146923076923077,0.6716190476190476,1.2375238095238095,2.1125000000000003
Pseudomyrmex_kuenckeli,0.54,,0.5785,1.1545,1.7145
Pseudomyrmex_sp.10,0.4267777777777778,0.33225,0.2761111111111111,0.5012222222222222,1.0811111111111111
Pseudomyrmex_sp.11,0.607,0.4455,0.357,0.6525000000000001,1.447
Pseudomyrmex_sp.2,0.4627857142857143,0.3565454545454545,0.3062142857142857,0.5536923076923077,1.18975
Pseudomyrmex_sp.3,0.4461875,0.3455384615384615,0.26890000000000003,0.5432142857142856,1.124375
Pseudomyrmex_sp.4,0.818,,0.678,1.25,2.098
Pseudomyrmex_sp.5,0.79,,0.662,1.109,1.995
Pseudomyrmex_sp.6,0.53425,0.46825,0.36325,0.68575,1.323
Pseudomyrmex_sp.9,0.5355714285714286,0.631,0.59,1.0975714285714286,1.7009999999999998
Pseudomyrmex_tenuis,0.7916666666666666,0.6775,0.6526666666666667,1.1696666666666669,1.9346666666666668
Solenopsis_sp.2,0.05316666666666667,0.19233333333333333,0.2835,0.263,0.47900000000000004
