plotID,standAgeEstimate_yr,stoneContent_g_cm^-3,bulkDensity_g_cm^-3,pH,sand_%,silt_%,clay_%,deltaN15_perMil,delta13C_perMil,Al_mg_kg^-1,B_mg_kg^-1,Ca_mg_kg^-1,Cr_mg_kg^-1,Cu_mg_kg^-1,Fe_mg_kg^-1,K_mg_kg^-1,Mg_mg_kg^-1,Mn_mg_kg^-1,Na_mg_kg^-1,Ni_mg_kg^-1,P_mg_kg^-1,Zn_mg_kg^-1,N_%,C_%
1,5,0.034651042,1.159003384,5.3,30.6,37.7,31.8,5.23,-18.68,47078.59649,13.14819649,1792.162807,11.14927719,43.86967018,38698.70877,393.4213333,995.269193,516.5941053,308.6593684,12.3490386,30.32701754,28.63034386,0.124798306,1.4924129
2,30,0.107430556,0.808139464,5.43,32.6,41.1,26.3,4.82,-26.7,41942.27711,17.6997992,1931.672791,8.831158635,40.05256325,41916.24799,630.3731426,1149.758133,960.7659237,238.0414759,11.18835542,30.8184739,41.67782129,0.186421628,2.355566397
3,18,0.326927083,0.580958725,5.66,45.6,34.2,20.1,3.54,-26.99,45385.4352,16.84047551,4125.333929,9.07355,35.77820816,32667.69286,616.5166173,1223.191939,1262.307449,608.4126327,148.9614337,122.0695204,50.82103469,0.280240814,3.609950837
4,5,0.010763889,1.198451627,5.12,25.4,39.7,35,5.97,-21.13,69365.53608,17.76526701,1575.878247,11.03881649,56.8738567,36890.95155,521.1607216,1094.216907,694.7478969,348.8341649,18.85044948,37.63366598,36.35308763,0.152521986,1.950869509
5,30,0.007274306,0.719005572,5.55,32.9,40.5,26.6,5.76,-26.65,61229.81551,18.25816791,5041.152139,7.968359893,48.41645936,30792.69091,644.4720428,1283.280963,1186.770107,421.167754,9.889931016,202.2513048,51.48902781,0.425275531,5.211784089
6,18,0.162604167,0.637717549,5.38,42.6,35.4,21.9,3.64,-26.67,43242.54071,15.13838505,3465.330466,7.268136201,35.58412698,37773.43779,622.711787,1017.810384,1043.940195,372.9133026,12.43357399,97.33563134,48.08344291,0.291308888,3.526163461
7,10,0.1059375,0.808626924,5.04,36.6,38,25.4,5.43,-18.65,47258.07673,15.69430992,1553.989038,7.331300448,38.09602392,34742.84006,750.8312905,1248.155456,616.8801196,493.5465869,10.07043348,30.6875137,50.34957648,0.15646506,1.997439292
8,25,0.140390625,0.675640953,5.35,38.6,39.8,21.6,3.71,-26.74,26940.6742,12.36362048,3129.788353,8.335982932,35.78401054,31113.86396,581.5746436,1367.566968,1039.970532,342.4219679,5.428057731,78.66369127,39.7762997,0.30081665,3.370782896
9,5,0.097743056,1.158616456,5.19,29.6,43.8,26.6,4.76,-22.25,35057.40628,12.76855826,1785.002837,8.171135765,30.40333992,22222.93516,445.3959017,772.2001368,279.491155,427.7848075,8.502759878,30.48470111,18.01275076,0.110771902,1.256780988
10,15,0.106458333,0.87858315,5.47,35.5,44.7,19.8,3.31,-26.6,31650.93095,16.53271724,1832.06497,5.48621623,21.68768246,23443.72429,608.2982409,1112.87994,586.6743397,469.6460333,7.52413004,30.45040323,40.14515323,0.119982983,1.489433533
11,5,0.006814236,1.068978121,5.36,39.8,26.8,33.4,5.47,-21.02,59503.29103,17.57413949,5552.887887,14.80988149,66.48251494,36636.96906,399.8256529,1100.005873,267.7321028,1203.823807,18.67456738,60.26293445,22.77453173,0.202021986,2.326460701
12,21,0.016727431,0.86190428,5.6,56.7,26.7,16.7,6.58,-21.46,47361.92568,14.94912162,6337.510135,8.588885135,53.50432432,26264.12162,532.6554054,1925.77027,366.4179054,1106.574324,11.9339527,212.6641892,31.71111486,0.253124582,3.221645604
13,12,0.042916667,0.855250424,5.55,53.3,26.7,20,5.62,-23.78,43457.92121,16.67177172,4569.563838,8.966444444,49.69497374,27132.9697,613.1085455,1308.571313,613.4304444,1011.323556,11.77215758,123.3963434,39.43262626,0.168197314,2.086158344
14,11,0.029661458,0.751017396,5.44,52.5,23.6,23.9,4.37,-20.1,41670.85106,19.7782766,5820.678723,8.475957447,46.98057447,24211.21277,386.4640426,825.316383,208.0310638,796.917234,10.93846809,122.9691489,19.31329787,0.23388007,3.135340739
15,25,0.046970486,0.759580133,5.65,39.4,30.8,29.8,4.46,-24.89,48051.38063,18.85729674,5283.410461,10.0663449,55.01868876,33371.73278,505.8427758,1012.253796,655.7751217,482.7973071,8.685721388,105.1441616,29.82757121,0.281080985,3.409049282
16,5,0.032899306,0.967802722,5.66,31.4,25.1,43.5,5.04,-17.95,44151.51032,13.71929963,4167.954526,9.625972472,51.64405558,34339.23557,381.0999365,1169.126628,1647.870249,432.6684066,9.53654738,31.51169931,33.02660296,0.177149329,1.903807051
17,100,0.011388889,0.87923833,6.04,36.7,35.4,27.9,4.96,-26.3,38786.5942,18.88398033,6568.700828,7.40949793,47.35054348,29594.48758,855.7264493,1540.789337,872.8522257,596.7388716,7.008410973,255.5921325,57.12518116,0.392437208,4.378988854
18,100,0.045329861,0.747436066,5.95,42.9,18,39.1,4.84,-25.26,57798.09677,16.61390271,6732.296057,12.70763236,65.61703072,40842.15566,1227.715412,2648.719816,596.3721915,628.3703635,12.9420512,376.6364926,42.68767127,0.406772138,4.35435586
19,60,0.069027778,0.773589127,6.41,44.6,22.4,32.9,5.34,-25.35,24935.4188,21.03966667,15007.7094,7.916333333,65.96618803,23159.58974,2899.616239,2711.938462,974.0465812,708.2800855,26.72101709,717.441453,56.10686325,0.50795684,5.207038782
20,100,0.012508681,0.844870943,6.52,52.3,17.3,30.4,6.32,-25.69,34584.54259,34.32391167,15071.54574,12.87602524,58.810347,38171.16719,2303.205047,3185.488959,911.0927445,1139.697161,19.99564669,895.4870662,59.46246057,0.319568825,3.189727031
21,20,0.009079861,0.892261854,6.19,40.5,24.4,35.1,3.96,-25.18,46739.59703,29.53347508,14505.8754,60.72698197,65.790079,36567.05143,4122.053022,10350.83733,672.5608112,1002.260376,53.06496501,1266.367126,73.22033828,0.413131189,4.60340079
22,60,0.002612847,0.909093071,6.22,47.3,22,30.7,4.94,-25.25,46608.87602,25.70847256,15248.29776,56.3310437,64.58454573,36255.78049,3731.502541,9938.740752,662.1907927,912.5568191,49.05910163,1272.458638,68.69764939,0.31289486,3.356732538
23,60,0.012387153,0.739712619,6.32,37.4,27.3,35.3,4.22,-25.16,53985.3831,32.0735236,24613.26015,140.3427003,82.63728211,52477.62459,3671.459276,15923.45554,795.3426125,1402.529528,84.16972119,631.1607245,99.80598463,0.426102839,4.32015292
24,25,0.009817708,0.832663423,6.29,37.3,22,40.7,3.75,-25.6,55318.10458,19.7168649,25128.45619,105.6199695,78.38105031,54904.31091,2294.307236,12137.1792,872.2632222,1366.671735,59.27392595,492.8409384,75.66660995,0.542898217,5.719786583
25,15,0.007230903,0.821446334,6.38,35.4,25.4,39.1,5.18,-22.74,55678.87569,18.21163707,23784.83685,75.86757825,78.41974806,47546.57714,2127.424084,9353.529134,1010.509118,1306.572364,70.21815982,464.922192,60.59497836,0.434547589,4.730639436
26,15,0.024131944,0.799027098,6.5,41.2,24.1,34.7,5.59,-21.59,52952.14645,25.01724148,28408.16378,110.2084209,75.33085523,40533.6976,1521.205422,11213.01733,701.8933482,2013.991895,87.02333426,531.4167971,70.73496087,0.352802014,4.234226374
27,7,0.172881944,0.918278937,5.92,37.6,27.5,34.9,4.43,-23.69,56635.79612,26.32100647,8594.248382,22.23452427,63.73610032,39190.1699,1195.320874,2776.887702,769.2419256,822.2348706,19.0987589,235.9742071,53.90669256,0.32778342,3.687833771
28,35,0.036076389,0.852966695,6.37,45.5,24.7,29.9,5.67,-24.77,58620.12553,30.55203298,21287.19574,30.31210691,62.28958298,35786.98085,1442.161915,4005.136809,457.7593883,2835.361543,22.82663085,448.6834521,57.74510106,0.282691289,2.985687267
29,21,0.010711806,0.712077406,6.67,40.5,26.6,33,3.65,-25.05,34521.6129,19.22576052,26766.32149,14.11540295,50.63207764,22793.24002,3536.917332,6157.878622,724.7323237,1393.362056,19.97674904,823.2811044,52.34196829,0.443718789,4.904502154
30,33,0.004409722,0.673646478,6.54,41.2,26.8,32,4.23,-25.42,55113.58125,19.8179267,29367.52159,37.70764773,66.07865966,34572.28807,2259.681136,5003.149773,849.2438182,1972.53358,26.59558125,659.3861591,55.67954318,0.599468879,7.004506226
31,17,0.002309028,0.713894374,6.74,35.5,29.4,35.1,5.55,-24.92,53597.10352,25.72274725,26764.47137,77.07508866,67.26107048,46464.07654,2856.050826,11374.90033,682.2668172,2037.666905,46.06874394,699.0570925,79.44026817,0.454450375,4.902440546
32,25,0.006050347,0.826718206,6.55,38.1,30.6,31.3,3.66,-25.09,47515.20658,23.61480986,19477.68986,15.5039211,62.5368526,28650.91726,1028.246005,2798.417753,543.4151014,1711.632,11.73350795,327.9914959,56.16393205,0.429542294,5.216132167
33,7,0.022951389,1.024921774,5.87,36.4,28,35.6,5.26,-21.9,56941.12493,18.15748633,13017.89437,22.16879517,58.57232493,35888.5866,565.7049705,2557.551046,469.418252,1671.652011,16.22453619,188.6703646,37.09886702,0.30038782,3.484798512
34,12,0.023072917,0.728996716,6.31,36.3,26.8,36.9,4,-25.09,45231.03848,22.68027258,15467.74666,15.11796793,56.31880278,31737.99198,1623.039711,3584.014377,1076.70969,1398.450775,17.3638573,278.7603634,58.4894233,0.355747674,4.237976435
35,8,0.001935764,0.590592338,6.4,31.2,23.3,45.5,5.57,-22.46,57623.25405,33.1428163,23519.46399,68.93256505,221.387024,38165.52094,894.8288107,7020.440871,579.0689447,1855.008375,55.03645338,470.7296482,104.1924735,0.462365695,5.182244454
36,60,0.007743056,0.852803759,6.24,46.3,26.7,27,5.62,-24.02,47986.40385,24.99701923,16810.11271,18.80243857,58.96606571,31475.90545,1865.919231,3256.938835,764.0493109,1485.824573,16.59032265,758.2975908,59.85069338,0.445949671,4.978732534
37,30,0.006145833,0.691964925,6.49,30,31.4,38.6,3.58,-25.72,38005.53659,18.61356319,20929.44734,92.90166408,82.93937916,50106.1735,3203.886308,18195.90743,682.8501053,541.5868625,69.52887361,473.089041,81.76379767,0.468891866,5.022025433
38,10,0.146128472,0.662311558,6.05,30.1,34,36,3.06,-25.75,77203.64754,34.84104098,13543.22951,218.254918,172.7827869,80292.81148,458.7651639,12870.7623,1442.495902,932.9082787,132.6440164,115.8860656,65.77679508,0.387014934,4.462245926
39,50,0.014670139,0.592090122,6.38,56.9,26.7,16.4,5.37,-25.28,45689.23494,24.23535106,24982.51221,11.82564352,58.02510798,23869.48454,1051.987472,3752.115464,490.2721595,2392.678893,11.32643407,1058.390136,50.16999783,0.707561665,7.375904375
40,13,0.058871528,0.683220662,6.27,55.8,26.4,17.7,5.92,-21.93,59712.87258,10.68837807,25168.85849,16.32345065,57.45799426,29873.953,903.9365587,4062.178172,533.8350131,3135.91577,14.07494204,777.3597493,55.02582559,0.518377705,5.487544865
41,21,0.006119792,0.88150088,6.23,49.6,25.9,24.5,4.95,-25.27,50286.92308,18.37553846,21173.38462,83.30753846,63.06892308,43974,3141.815385,13543.38462,535.1446154,2135.753846,43.69184615,573.1923077,69.59723077,0.379033291,3.862056615
42,35,0.007881944,0.846008781,6.14,40.8,28.8,30.5,5.43,-24.2,51828.20284,14.43626064,7847.523384,5.632386758,50.32746821,37054.08618,1436.650972,2238.895533,921.6494167,515.5900788,4.987190751,381.7228061,62.43906148,0.378265315,4.13580698
43,25,0.009505208,0.758441105,5.84,42.5,26.4,31.1,5.87,-23.83,60553.77542,17.22010275,7594.450847,8.300423729,53.93855614,38402.56568,1105.376165,1845.42447,497.9271292,745.1814619,7.256317797,302.1681886,45.99090042,0.407845085,4.624246216
44,12,0.009609375,0.915061065,5.49,40.5,24.2,35.3,4.95,-21.64,52044.3,19.0938,6062.87,12.6225,113.729,40040,448.624,1359.49,1589.61,717.948,10.3719,132.638,41.6185,0.25160689,2.995014493
45,23,0.007465278,0.848669063,5.56,36.2,30.9,32.9,4.57,-25.07,37940.25813,13.09406086,5216.379014,9.115981112,44.10032004,22819.21931,615.4208604,1129.796327,366.2001259,752.063022,7.383836306,163.372256,60.28362539,0.309141211,3.391119896
46,13,0.012317708,0.897444095,5.27,40.2,28.9,30.9,5.85,-18.88,39281.18229,15.67482595,4185.443769,9.140083419,52.71430278,29158.2137,440.2341607,971.6124717,491.8169156,597.8808136,7.965754892,124.4274871,27.41704171,0.274974093,3.218878269
47,8,0.007569444,1.155208028,5.28,38.3,32,29.7,5.95,-17.52,37627.95181,14.76809639,4134.727711,10.41262651,57.69195181,29755.66265,375.4101205,865.4216867,310.7142169,637.9045783,9.032192771,111.9508434,26.85908434,0.253833687,2.805317155
48,25,0.005477431,0.908662989,5.72,31.8,39.6,28.6,5.75,-23.4,36356.40899,20.10221842,7022.056638,6.905276231,50.76868844,19705.74839,801.1287152,1270.432548,262.8693469,860.7936724,7.472433619,251.7854711,57.95052141,0.28211838,3.271959102
49,15,0.006128472,1.028999638,5.26,35.1,34.3,30.6,6.2,-17.77,58550.35819,24.7753816,5430.889058,10.16318345,62.68142842,34827.06369,558.1802286,1402.819597,537.9223081,817.8459227,8.863806206,193.8798911,63.29744584,0.343451985,4.059843593
50,37,0,0.988330679,5.86,41.5,33.4,25.1,5.35,-24.12,32091.96774,18.66203226,5595.629032,6.532935484,42.45396774,28917.58065,1072.287097,1590.6,1079.206452,521.6235484,6.186967742,268.0558065,63.83264516,0.341242435,3.74238584
51,35,0.0084375,0.843575287,5.92,35,38.3,26.7,4.28,-25.23,58848.18105,25.55067895,5446.883684,9.861362105,51.37162105,31299.71684,990.8063579,1504.717158,907.4247684,990.6225789,9.241918947,147.0555895,62.47619368,0.377429072,4.21301302
52,25,0.016241319,0.914127856,6.01,38.1,34.4,27.4,4.45,-25.6,42869.56499,26.68733229,5231.29392,7.669203354,45.21305136,33405.89623,952.9359015,1406.732704,1513.118868,301.48087,7.57841195,125.7941614,62.56916352,0.359442309,4.092431781
53,15,0.007152778,0.949690099,5.26,24.8,47.8,27.4,4.79,-16.7,36194.7001,20.92014125,3771.148618,6.484522006,53.95783419,18086.36643,478.2478813,1002.930338,484.0430502,294.6853838,6.499166837,121.8763767,70.64038895,0.285268674,3.796579879
54,37,0.015694444,0.963147847,6.01,43.5,29.9,26.6,4.16,-23.92,31202.32698,18.25179351,6604.959578,7.421139032,45.64354686,25947.94387,983.4780124,1559.230896,1155.464264,497.8225901,5.816906282,240.145309,40.14748713,0.339530999,3.942384005
55,17,0.072543403,0.915547038,5.98,46.5,26.1,27.4,4.47,-23.85,41572.80702,22.31431078,6872.462406,8.229273183,48.38962406,33377.85714,1087.216792,1684.234336,862.2535088,479.2885965,7.508483709,264.4350877,51.22805764,0.346003468,3.856546612
56,11,0.011395833,0.912814855,5.64,38.3,33.7,28,5.95,-22.63,39086.37861,20.72849721,6116.816776,8.727843386,59.87767359,25489.6148,638.161404,1041.14516,419.2065129,650.3232387,7.869607197,199.4875824,58.86976939,0.290996253,3.126366065
57,23,0.008211806,0.793486017,6,44.9,25,30,4.55,-27.23,58901.58218,27.55993856,8820.295699,13.78733487,70.6128725,42266.92012,1173.654378,1820.037634,1405.144393,698.7315668,9.937235023,357.894086,53.19324885,0.418612685,3.16028912
58,6,0.039409722,1.008042908,5.71,41.5,27.7,30.7,5.9,-20.18,47475.96969,21.2709269,6182.580031,9.357443963,54.56032909,41289.29496,963.4886271,1830.226796,887.3166709,567.0059832,8.66554432,210.5411768,53.95084845,0.334571944,4.251585375
59,35,0.030425347,0.969350562,5.67,45.9,23.4,30.7,5.56,-24.8,28112.8826,18.0592966,5708.896241,8.342848095,44.62740062,30382.03708,902.390757,1344.792379,689.4305046,427.7157878,6.435881565,279.5840474,27.31544284,0.331910668,3.246258055
60,23,0.036328125,0.947444573,5.66,41.7,27.3,31,5.42,-24.36,34815.21249,17.15175025,7031.862538,6.960327291,48.11554683,27381.81269,954.9067774,1481.980564,666.8964753,519.4920947,6.354627392,279.4887311,41.55832326,0.356779554,3.669573739
61,65,0.019121528,0.731416667,6.03,45,31.8,23.3,4.98,-26.56,21472.45006,17.20249642,5652.828074,3.545298731,37.7184436,17424.98731,659.5399285,1091.868835,724.4989504,436.3212664,5.957349481,193.8789758,32.02413241,0.259415782,2.910408926
62,65,0.045366319,0.631178819,5.96,50.8,23.3,26,4.31,-26.76,51775.20511,33.7356081,7836.503929,9.282541817,70.72543456,30361.09761,812.0878718,1429.471342,774.8184189,1007.414837,7.205919981,237.8196288,51.20117956,0.465913116,5.170988781
63,65,0.016805556,0.6571875,6.13,39.3,36,24.8,4.78,-26.67,40418.82095,32.52295882,6142.283952,6.572387162,50.90409063,27564.89725,1095.083993,1554.167642,912.5490694,745.0693278,7.06411304,165.3454421,54.73850626,0.306270992,3.207619914
64,45,0.047335069,0.610772569,6.02,55,24.5,20.5,3.17,-27.63,35502.97959,24.31058503,5994.712789,4.759614966,47.78251701,21562.70204,643.8888299,1243.380816,735.6126259,754.1975918,7.409137415,130.2293605,37.86052653,0.304858534,3.565729617
65,45,0.069883681,0.751973958,6.05,48.8,29.5,21.8,4.69,-26.11,24983.75977,17.81919967,9030.450345,5.887295212,38.04603324,16028.32009,1038.439281,1380.092013,552.1618231,964.7621409,5.958138616,356.1131215,40.07132114,0.346560688,3.664279767
66,45,0.048274306,0.677125,6.15,43.8,34,22.3,4.94,-26.19,35576.22633,31.24168522,8562.911004,6.654230489,50.92041831,28569.1358,1267.686238,1736.948335,936.1961524,913.7613528,7.848526015,403.1373777,59.62186342,0.408388018,4.211332982
67,70,0.021611111,0.834465278,6.06,31.3,46.8,22,3.99,-26.9,36504.13062,30.63155491,4155.592066,5.374687954,32.4460329,31186.73101,951.9863957,1587.303677,1194.513982,411.9656652,6.752732946,52.142806,60.64335414,0.274098777,2.891625821
68,70,0.007668403,0.793199653,6.11,33.8,41.5,24.8,4.6,-26.94,45999.57057,34.31181291,4334.079851,6.128412256,39.12595172,31137.1286,1234.228877,1830.498375,1299.681987,557.2269266,6.864238626,123.2769731,69.21666435,0.316692679,3.229487795
69,70,0.009230903,0.718355903,6.06,37.8,37,25.3,5.72,-26.26,47681.45697,34.91269156,6585.48132,6.320392015,45.53724431,31855.82478,1161.273686,1708.131837,1608.579106,738.6833595,7.138633637,294.4935519,93.68761667,0.380457321,3.990612476
70,50,0.031251736,0.617845486,5.99,48.3,22.8,29,5.65,-24.07,75388.72039,46.45798721,7516.27823,8.150823228,65.20232284,47136.86723,1330.476951,2346.345766,955.4090611,812.9295165,8.097535943,325.8410949,70.04400563,0.389254551,4.259467684
71,50,0.007385417,0.667510417,6.21,40.8,24.3,35,5.4,-25.77,63898.35406,45.8915458,8624.319032,6.628932606,56.32516849,48345.32606,1259.997532,2137.929236,1441.183389,768.4217798,9.592630755,367.8328382,84.49946274,0.367207155,4.125254461
72,50,0.008760417,0.733774306,6.03,35.5,31.3,33.3,5.81,-24.69,60585.28143,35.15239143,9754.634714,7.862001429,66.34777714,38472.54,1060.165471,1819.925429,1108.449857,1021.8479,9.12404,305.7763429,95.88521143,0.382860024,4.677219729
73,25,0.118730903,0.704741319,5.46,46.3,28.8,25,3.75,-26.94,33529.46479,25.6760338,3746.136338,6.58668169,43.05392676,28127.63944,403.8152113,1087.206761,734.9115493,605.0541972,14.96567887,59.63569577,40.08504789,0.25970818,3.367359069
74,25,0.073868056,0.874829861,6.09,42.5,26,31.5,4.11,-22.79,34113.66607,32.27335682,6524.091158,5.797974865,47.96602244,34261.14363,824.9999955,1971.037567,1232.385682,635.1963779,4.612887343,128.800579,60.4731728,0.32613909,3.82633935
75,25,0.012239583,0.876128472,5.92,42.5,26.8,30.8,4.74,-20.9,39584.16344,29.99558362,7155.800919,7.430571229,56.54234785,31505.03337,655.0234066,1577.669311,815.5233247,896.5143437,9.111358242,170.4332747,47.42468272,0.300948577,3.424806391
76,40,0.059809028,0.731875,5.99,39.3,29.5,31.3,4.6,-25.44,44577.27677,35.46312939,5229.56976,2.996301158,41.41858309,40176.75796,1188.22499,3006.808909,1337.562422,309.065864,5.800490905,130.2642724,64.32441918,0.273570378,2.936320504
77,40,0.010635417,0.7486875,5.67,37.5,27,35.5,5.23,-24.1,50012.28164,31.04214255,6177.668423,4.523542117,45.67819611,37707.18272,1206.7746,2667.71905,1347.16406,361.0425227,6.632044924,186.7956803,54.52943758,0.322942642,3.777674905
78,40,0.025862847,0.766272569,5.66,45.3,24.8,30,5.69,-24.7,51716.91298,36.36284006,7550.254837,7.241324259,53.93266894,34736.88965,800.5946038,1652.943316,532.1852601,866.7165873,6.87043753,227.2611084,44.79759067,0.400632483,4.372816985
79,40,0.034946181,0.821876736,5.82,39.5,27.5,33,5.1,-25.85,31108.40498,28.8412529,5046.952031,3.188550048,47.77694318,32194.41465,729.6574033,1580.486122,1543.288153,221.4241175,6.145147244,120.3268786,58.08975943,0.288962082,3.038650679
80,40,0.017885417,0.802930556,6.2,33.5,31.5,35,5.54,-24.86,27420.83147,30.31882836,6869.015528,4.046665282,53.63174656,32776.26954,1137.815684,1910.937211,1541.730044,329.9117476,4.086422747,185.8715243,58.04160166,0.347723241,3.68759516
81,40,0.012378472,0.844861111,6.04,39.3,30.8,30,5.79,-25.35,39692.33876,33.81023758,7131.797638,6.310598618,62.75750301,36355.95454,1126.937731,2175.229864,1298.02086,516.4078449,6.552747047,320.783499,82.1999162,0.367670908,3.987010996
82,35,0.121784722,0.67434375,5.64,33.8,41.3,25,3.83,-26.67,28380.75021,22.51683842,3723.802556,3.136995054,72.23415087,22854.06018,911.5812036,1472.430956,710.68446,483.2262984,4.652411377,87.52674155,69.0950742,0.357644717,3.635492507
83,35,0.028151042,0.842439236,5.8,33.5,38.5,28,4.66,-26.28,28100.2571,24.3034858,3410.558744,3.253189836,48.50427205,22250.53214,1077.411659,1546.302541,605.2011958,433.5165919,3.751127055,67.33978475,49.90679522,0.280944807,2.721379575
84,35,0.007991319,0.862234375,5.97,42.5,28.5,29,5.61,-24.12,40452.26775,35.10006617,8164.251463,6.302998218,53.88941715,36729.5495,1247.894121,2276.723848,1164.778824,625.4717231,6.362290659,309.4324256,82.28520234,0.359749391,3.951975757