family,genus,species,leaf habit,leaf type,mean specific leaf area (cm^2 g^-1),mean leaf area (cm^2),mean leaf dry-matter content (g g^-1),mean wood density (g cm^-3),mean foliar delta13C (perMil),mean foliar phosphorus (P; %),mean foliar nitrogen (P; %),mean foliar carbon (P; %),foliar carbon to nitrogen ratio,foliar nitrogen to phosphorus ratio,foliar carbon to phosphorus ratio,mean seed mass (g),dispersal syndrome,maximum observed height (m),mean wood vessel diameter (mm),mean xylem vessel density (# vessels cm^-3)
Fabaceae,Acosmium,panamensis,semideciduous,compound,92.1901919,90.45777778,0.418412169,0.76830896,-27.860463,0.06807827,2.92575124,48.9632533,17.0188085,43.4705116,719.2199993,0.024085499,windOrGravity,20.3,0.210925939,6.144310184
Fabaceae,Albizia,adinocephala,deciduous,compound,NA,NA,NA,NA,NA,NA,NA,NA,NA,NA,NA,NA,windOrGravity,32.1,NA,NA
Fabaceae,Albizia,niopoides,deciduous,compound,NA,NA,NA,NA,NA,NA,NA,NA,NA,NA,NA,NA,windOrGravity,33,NA,NA
Fabaceae,Albizia,saman,semideciduous,compound,67.0647513,250.26,0.490909243,0.53941858,-28.126856,0.09692937,3.28201235,52.2937969,15.9852031,34.4355367,539.5041451,0.178855556,animals,24.9,NA,NA
Sapindaceae,Allophyllus,occidentalis,deciduous,compound,112.622068,123.7522222,0.405209352,0.5518278,-31.180293,0.12698813,2.77536522,45.7100881,16.6320504,22.3617001,359.9555966,0.062357143,animals,16,NA,NA
Annonaceae,Annona,purpurea,deciduous,simple,163.450284,225.0366667,0.364708794,0.626158,-30.657376,0.11311413,2.81854207,47.9641912,17.1354359,25.2225818,424.0335951,NA,animals,7,NA,NA
Annonaceae,Annona,reticulata,deciduous,simple,134.176103,150.2233333,0.308131567,0.50278067,-29.838479,0.14234967,3.50438372,45.9759234,13.1443011,24.6157735,322.9787846,NA,all,17.6,NA,NA
Tiliaceae,Apeiba,tibourbou,deciduous,simple,114.253116,155.8288889,0.330488811,0.20489296,-30.382436,0.1006042,2.17293504,46.7914605,21.8725562,21.6789949,465.1044439,0.005983334,animals,10.6,NA,NA
Myrsinaceae,Ardisia,revoluta,evergreen,simple,72.0018409,30.37666667,0.354449009,0.69223065,-30.057018,0.0852796,1.44853705,47.0226664,32.5775926,16.98573926,551.3940778,0.075033889,animals,10.3,0.10136018,26.83834689
Anacardiaceae,Astronium,graveolens,semideciduous,compound,106.703347,161.8466667,0.47287282,0.85125909,-28.691889,0.18701887,2.53816249,47.0746633,18.932296,17.7302079,251.7107675,0.022452778,windOrGravity,20.9,NA,NA
Fabaceae,Ateleia,herberth smithii,deciduous,compound,79.0816299,142.4677778,0.457513502,0.87234689,-29.255406,0.1033956,3.26606658,48.1193672,14.7853392,32.2116339,465.39086,0.019192308,windOrGravity,24.8,0.189804411,2.96682406
Fabaceae,Bauhinia,ungulata,deciduous,compound,146.738525,42.99555556,0.42783625,0.79115067,-29.691699,0.11491773,2.92842293,49.858578,17.2161082,25.7608985,433.8632342,0.04275,windOrGravity,9.8,NA,NA
Moraceae,Brosimum,alicastrum,evergreen,simple,95.8950014,43.67833333,0.485205963,0.75952145,-29.634397,0.0966331,2.09057196,37.5971841,18.3237523,21.6911049,389.071489,0.79,animals,42.1,NA,NA
Burseraceae,Bursera,simarouba,deciduous,compound,90.2138266,224.0826667,0.364606733,0.35997774,-28.202977,0.10957022,1.78715453,42.2127696,24.4851788,17.2928756,385.2576877,0.438716667,animals,27,0.216860856,5.724448989
Burseraceae,Bursera,tomentosa,deciduous,compound,82.6675558,54.41466667,0.439528527,0.43768805,-29.472667,0.09409584,1.37897193,42.8120461,31.2001327,14.2689057,454.9834095,NA,animals,11.7,0.160580864,7.721349798
Malpighiaceae,Byrsonima,crassifolia,semideciduous,simple,68.5653568,38.49,0.42496334,0.61395183,-28.867279,0.05976237,1.35406555,50.0266402,37.7148592,23.9139745,837.0926421,0.1045,animals,11.9,0.132914203,11.52497039
Rubiaceae,Calycophyllum,candidissimum,deciduous,simple,117.948688,58.74466667,0.339591373,0.77475077,-28.866104,0.09102702,1.4310346,47.4283668,33.6547872,16.6360746,521.0361363,0.008733333,windOrGravity,27.6,0.071449986,31.51472551
Capparaceae,Capparis,indica,evergreen,simple,61.0256137,22.32333333,0.435763126,0.553181,-27.234081,0.0690425,2.82155121,41.7027262,14.915686,40.8668749,604.0152978,NA,all,16,NA,NA
Salicaceae,Casearia,corymbosa,deciduous,simple,112.497136,51.12666667,0.459153497,0.60729888,-30.261689,0.1154132,2.50135732,44.7310823,17.9623308,21.673061,387.5733651,NA,animals,8,NA,NA
Salicaceae,Casearia,silvestris,evergreen,simple,140.504199,16.27166667,0.484609135,0.63600814,-30.634091,0.1060077,2.39618004,44.9328556,18.8113465,22.766533,423.864074,0.004440909,all,11.8,NA,NA
Meliaceae,Cedrela,odorata,deciduous,compound,101.36324,426.07,0.385858096,0.44781739,-29.548575,0.2030783,2.89655153,44.0145901,15.4446467,15.7001802,216.7370423,0.025869752,windOrGravity,37.5,0.47340052,1.643164095
Rubiaceae,Chomelia,spinosa,deciduous,simple,152.691681,20.66,0.400848175,0.57471568,-30.091253,0.11790643,2.62802247,49.937418,19.4752116,21.2612889,423.534306,NA,animals,11,0.091997009,24.39849717
Polygonaceae,Coccoloba,caracasana,deciduous,simple,NA,NA,NA,NA,NA,NA,NA,NA,NA,NA,NA,NA,animals,11.5,NA,NA
Polygonaceae,Coccoloba,guanacastensis,deciduous,simple,NA,NA,NA,NA,NA,NA,NA,NA,NA,NA,NA,NA,animals,14,NA,NA
Cochlospermaceae,Cochlospermun,vitifolium,deciduous,simple,112.485639,166.9386667,0.337071158,0.18248994,-29.594459,0.09779758,2.05958071,47.5426293,23.697082,19.4922266,486.132983,0.033036404,windOrGravity,20.6,0.612560895,1.597520648
Boraginaceae,Cordia,alliodora,deciduous,simple,105.184876,41.60583333,0.389024012,0.55061311,-28.299073,0.13376013,3.15054746,44.4059363,14.4900375,22.9741148,331.9818566,0.008675,windOrGravity,29.7,0.243941898,4.792561944
Boraginaceae,Cordia,colloccoca,semideciduous,simple,72.5708923,61.09333333,0.375540902,0.56101044,-27.551157,0.1016104,2.17736844,38.9503365,18.1158021,21.4109877,383.3302152,NA,animals,16.6,NA,NA
Boraginaceae,Cordia,panamensis,deciduous,simple,102.421323,186.9033333,0.393093922,0.37741587,-29.98429,0.1002553,2.50553902,41.7186254,16.6963745,25.0904622,416.1238897,0.072933333,animals,15.1,NA,NA
Dilleniaceae,Curatella,americana,semideciduous,simple,70.3239507,106.3288889,0.425583339,0.53635675,-28.660055,0.0662287,1.39571915,43.6094718,31.7634791,21.0647233,658.4678817,0.012681349,animals,6.8,NA,NA
Fabaceae,Dalbergia,retusa,deciduous,compound,67.699511,175.9783333,0.448367763,0.80318011,-27.75788,0.08398815,2.42959288,47.6382054,19.95109,32.1867219,567.2015088,0.068546667,windOrGravity,22.1,0.542184302,1.597520648
Sapindaceae,Dilodendron,costaricense,deciduous,compound,88.3422215,378.2222222,0.49691358,0.611793,-28.701588,0.08719207,2.25963513,50.6221662,22.6439302,25.9443429,580.5822273,NA,animals,20.4,NA,NA
Ebenaceae,Diospyros,nicaraguensis,semideciduous,simple,80.5778656,24.46444444,0.468932771,0.69111815,-30.706663,0.07879837,1.63658631,47.4454628,29.2846432,21.5677046,602.1122366,0.17828125,animals,11.9,0.109194735,9.242798035
Fabaceae,Enterolobium,cyclocarpum,deciduous,compound,145.50875,188.7,0.369730672,0.37691361,-31.377442,0.1008106,3.13967733,47.8086236,15.2639875,31.14431746,474.2420301,0.693499594,animals,36.1,0.439916306,1.597520648
Passifloraceae,Erblichia,odorata,evergreen,simple,NA,NA,NA,NA,NA,NA,NA,NA,NA,NA,NA,NA,animals,20.2,NA,NA
Myrtaceae,Eugenia,monticola,deciduous,simple,NA,NA,NA,NA,NA,NA,NA,NA,NA,NA,NA,NA,animals,15.2,NA,NA
Myrtaceae,Eugenia,salamensis,deciduous,simple,91.9389499,85.07888889,0.44373837,0.68466068,-30.663299,0.09559057,1.88296814,49.095016,26.4984164,19.9139801,513.5968537,NA,animals,15.5,NA,NA
Rubiaceae,Exostema,mexicana,deciduous,simple,229.514801,86.14111111,0.364296414,0.74561631,-31.643894,0.10322547,3.20754834,45.2714463,14.2607431,31.3783174,438.5685655,NA,animals,22.6,NA,NA
Rubiaceae,Genipa,americana,deciduous,simple,82.2539818,209.3093333,0.363994428,0.7263735,-28.733918,0.07852468,1.6214168,48.5544924,30.3173485,23.214839,618.3341645,0.037877562,all,14,0.167984302,6.709586721
Fabaceae,Gliricidia,sepium,deciduous,compound,137.817175,159.1866667,0.28708747,0.77574754,-28.523708,0.12528766,3.52562096,47.563698,13.5360143,24.576362,379.6359354,0.1017125,windOrGravity,18.1,0.071399728,10.86314041
Sterculiaceae,Guazuma,ulmifolia,deciduous,simple,87.5698686,40.58388889,0.438523881,0.7371692,-30.095312,0.10111253,2.09007491,46.2742487,22.3458973,20.6757213,457.6509825,0.004559617,animals,22,0.242350546,3.921187045
Rubiaceae,Guettarda,macrosperma,deciduous,simple,123.821425,36.605,0.385467819,0.64856918,-28.951756,0.09430183,2.25136702,48.5279762,21.654873,23.2914611,514.6026986,NA,animals,16.8,NA,NA
Fabaceae,Hymenaea,courbaril,semideciduous,compound,69.4477664,26.44444444,0.512106894,0.83893843,-28.651364,0.0965563,1.78498975,51.1139453,28.9036238,18.5610584,529.3693451,3.493341667,animals,31.3,NA,NA
Rhamnaceae,Karwinskia,calderoni,deciduous,simple,97.4681043,15.89,0.47231259,0.80578343,-29.386342,0.0957157,2.31329567,46.2663217,20.0254858,24.1796326,483.3723381,NA,animals,22.1,NA,NA
Chrysobalanaceae,Licania,arborea,semideciduous,simple,61.931364,42.2,0.528361734,0.60359178,-27.877109,0.0869524,1.43258344,38.7119548,27.192451,16.5551968,445.2085831,0.923394444,animals,22.1,0.538267067,1.597520648
Fabaceae,Lonchocarpus,felipei,deciduous,compound,79.6809637,360.5466667,0.405988035,0.70871497,-28.578552,0.08226067,3.2005162,46.1798942,14.4936139,39.6391661,561.3848538,0.282333333,windOrGravity,21.9,NA,NA
Fabaceae,Lonchocarpus,minimiflorous,deciduous,compound,114.627342,27.07444444,0.415077962,0.75229327,-29.735775,0.1282474,2.88791923,45.1949544,15.6926174,22.61212,352.4044495,0.047511275,windOrGravity,26.7,0.234794658,2.631210479
Fabaceae,Lonchocarpus,rugosus,semideciduous,compound,92.5563634,67.47222222,0.435048221,0.64470333,-28.405074,0.083768,2.4240929,47.1767509,19.6911285,28.9006817,563.1834459,0.0605,windOrGravity,16.9,0.537059267,1.597520648
Tiliaceae,Luehea,candida,semideciduous,simple,159.112957,182.2606667,0.445130558,0.70049762,-29.959155,0.12253934,2.06132961,46.8766148,22.9766818,18.8860149,382.5433922,0.013581815,windOrGravity,16.9,0.08961333,29.39437992
Tiliaceae,Luehea,speciosa,semideciduous,simple,73.5424053,67.77888889,0.489574393,0.67323866,-28.375078,0.06692027,1.79832863,49.609906,28.0971117,26.93607,741.3285392,0.006,windOrGravity,34.1,0.141443561,10.0766687
Fabaceae,Lysiloma,divaricatum,deciduous,compound,113.829549,52.53,0.526348142,0.73283575,-29.260208,0.06907435,2.45395819,48.677319,20.0750887,35.7990079,704.7090418,0.020099527,windOrGravity,21.5,0.358634845,1.805892906
Euphorbiaceae,Mabea,occidentalis,deciduous,compound,NA,NA,NA,NA,NA,NA,NA,NA,NA,NA,NA,NA,windOrGravity,10.1,NA,NA
Fabaceae,Machaerium,biovulatum,deciduous,compound,89.8205722,112.07,0.44920624,0.56383704,-29.458041,0.08022407,2.64640797,48.4977359,18.4043606,33.2339543,604.52849,0.127252381,windOrGravity,25.2,0.134783678,9.47101527
Moraceae,Maclura,tinctoria,deciduous,simple,133.328466,52.66388889,0.347692189,0.77587762,-29.189386,0.18331358,2.99360059,42.8218214,14.5441741,13.7128251,233.5987405,NA,animals,25.8,0.381497244,1.879436056
Sapotaceae,Manilkara,chicle,evergreen,simple,84.8013978,44.94777778,0.398412577,0.8764414,-28.517277,0.09794373,1.95514611,47.8909898,24.5722486,19.9689493,488.9643247,0.229396825,animals,27,NA,NA
Fabaceae,Myrospermum,frutescens,deciduous,compound,NA,NA,NA,NA,NA,NA,NA,NA,NA,NA,NA,NA,windOrGravity,14,NA,NA
Lauraceae,Ocotea,veraguensis,evergreen,simple,124.770113,31.56555556,0.506272125,0.58697187,-32.673467,0.0809533,2.2009606,45.5471322,21.21494,27.1571959,562.6346573,NA,animals,11.1,NA,NA
Bombacaceae,Pachira,quinata,deciduous,compound,105.572118,165.4847619,0.279463829,0.38178979,-29.021291,0.13331611,1.99533424,44.5179308,23.4179971,15.5899427,333.9276161,0.0413875,windOrGravity,27.6,NA,NA
Fabaceae,Piscidia,carthagenensis,deciduous,compound,113.870773,323.05,0.300832487,0.64459495,-28.675742,0.1754323,2.95382029,46.5614289,16.0725575,18.4482809,265.4096703,NA,windOrGravity,11.1,NA,NA
Nyctaginaceae,Pisonia,aculeata,deciduous,simple,176.65106,22.52777778,0.327666949,0.43810235,-30.503557,0.16933543,3.41486238,41.6793605,12.2910024,21.0701044,246.1349081,NA,animals,11.1,NA,NA
Fagaceae,Quercus,oleoides,evergreen,simple,63.800396,19.60777778,0.507052655,0.80000511,-28.267511,0.0732187,1.45744355,47.8900595,33.1520529,20.4371686,654.0686942,2.052407844,animals,31.8,0.454412239,1.797210729
Verbenaceae,Rehdera,trinervis,deciduous,simple,74.861881,30.7375,0.384252131,0.74366273,-28.45075,0.0704737,1.4467965,44.4392633,31.8578513,20.7050213,630.5793977,0.052712765,windOrGravity,25.8,0.135937554,8.386983402
Euphorbiaceae,Sapium,glandulosum,evergreen,simple,72.9608123,82.91333333,0.351250601,0.46969941,-28.220175,0.1678101,2.1213276,39.1053006,18.4801131,12.64123911,233.033057,NA,all,25,NA,NA
Annonaceae,Sapranthus,palanga,deciduous,simple,157.198409,199.7033333,0.37334464,0.65580283,-30.956747,0.15707635,3.62871265,45.8634933,12.7786684,23.4350399,291.9821685,NA,animals,14.9,NA,NA
Olacaceae,Schoepfia,schreberi,evergreen,simple,63.6551455,15.12555556,0.448552062,0.62748828,-30.386562,0.10282833,2.71950163,43.6588758,16.3409647,26.3954414,424.580228,NA,animals,9.9,NA,NA
Euphorbiaceae,Sebastiania,pavoniana,deciduous,simple,121.402741,34.225,0.421050515,0.58222739,-29.675105,0.10938795,2.09721152,45.8150802,22.1490877,19.6835555,418.8311436,0.019783334,windOrGravity,17.1,NA,NA
Celastraceae,Semialarium,mexicanum,deciduous,simple,NA,16.88416667,0.405183911,NA,NA,NA,NA,NA,NA,NA,NA,NA,windOrGravity,12.4,0.125253065,5.248996415
Fabaceae,Senna,atomaria,deciduous,compound,103.853844,115.2844444,0.400054243,0.68752266,-29.169972,0.20243317,2.99272335,46.6666085,15.6509386,15.9160198,230.5284677,NA,windOrGravity,26.2,NA,NA
Sapotaceae,Sideroxylon,capiri,evergreen,simple,76.4671691,30.18,0.470149943,0.86802122,-29.351628,0.09028225,2.44299995,46.4443389,19.243789,27.6166262,514.434885,0.90097735,animals,26.2,NA,NA
Simaroubaceae,Simarouba,glauca,evergreen,compound,54.7833132,114.8208333,0.435978383,0.40510321,-28.26773,0.07089035,1.35089393,45.6486607,35.1659105,19.4314051,643.933352,0.9416,animals,16,NA,NA
Elaeocarpaceae,Sloanea,terniflora,evergreen,simple,68.616043,19.08666667,0.60069935,0.81202231,-27.692313,0.0698091,1.16851626,42.974366,37.1903382,16.7294945,615.5983389,0.103333333,animals,10.1,NA,NA
Anacardiaceae,Spondias,mombin,deciduous,compound,75.0149537,388.5308333,0.386566705,0.42802635,-28.905648,0.11011963,1.93982586,45.4998076,23.9220702,17.831452,413.1852568,1.237958334,animals,37.2,0.28218044,2.831968421
Anacardiaceae,Spondias,purpurea,deciduous,compound,116.12512,86.76,0.326405707,0.36297814,-29.633802,0.10834438,2.0888929,44.2975035,21.5084601,19.0017993,408.8583413,1.036263158,animals,18.6,NA,NA
Apocynaceae,Stemmadenia,obovata,deciduous,simple,198.423256,124.96,0.261713487,0.52803346,-30.1382,0.1187978,3.50421252,43.4145094,12.4044977,29.4972846,365.4487659,NA,animals,13.2,NA,NA
Fabaceae,Swartzia,cubensis,evergreen,compound,NA,NA,NA,NA,NA,NA,NA,NA,NA,NA,NA,NA,animals,10.6,NA,NA
Meliaceae,Swietenia,macrophylla,deciduous,compound,68.7157179,180.1611111,0.458382911,0.67070618,-27.95325,0.07935013,1.56912456,47.1162168,30.3188812,19.8605743,593.7761765,0.255083333,windOrGravity,18,0.160936999,6.656336033
Bignoniaceae,Tabebuia,impetiginosa,deciduous,compound,97.854777,268.7866667,0.487703143,0.71462209,-27.625065,0.0897831,2.27117029,43.6524329,19.3404962,25.29618926,486.1987713,NA,windOrGravity,18.2,NA,NA
Bignoniaceae,Tabebuia,ochraceae,deciduous,compound,75.7726323,246.4605556,0.474682273,0.80433333,-27.93842,0.12013883,2.55842227,48.127719,18.9232334,21.1679151,400.6008632,0.011448333,windOrGravity,22.1,0.128174648,9.318870446
Bignoniaceae,Tabebuia,rosea,deciduous,compound,72.685224,240.8666667,0.363370843,0.53215581,-28.222425,0.09544316,1.51437083,46.0802381,31.70851,15.9000096,482.8029384,0.024533333,windOrGravity,20.8,NA,NA
Sapindaceae,Thouinidium,decandrum,semideciduous,compound,110.194215,75.19888889,0.559947394,0.80488558,-28.457664,0.10938303,1.9461336,48.6167129,25.009801,18.0354595,444.4630296,0.041695913,windOrGravity,13.9,NA,NA
Meliaceae,Trichilia,americana,deciduous,compound,109.404315,572.1111111,0.387925354,0.61234001,-29.800518,0.12832903,2.47249068,48.6901036,19.8031525,19.4014446,379.4161274,0.105675,animals,19,NA,NA
Meliaceae,Trichilia,martiana,evergreen,compound,153.451987,281.1288889,0.364401992,0.52937713,-32.072531,0.15534883,2.19347031,46.5961291,21.9967677,14.1932515,299.9451563,NA,animals,22.2,NA,NA
Flacourtiaceae,Zuelania,guidonia,deciduous,simple,75.3518778,105.1066667,0.408632522,0.57194001,-29.355714,0.10665133,2.45949967,47.5972202,20.1134648,22.9598067,446.2881072,NA,animals,26,NA,NA